mean_fit_time,mean_score_time,mean_test_score,mean_train_score,param_SVM__alpha,param_SVM__gamma_frac,param_SVM__n_iter,params,rank_test_score,split0_test_score,split0_train_score,split1_test_score,split1_train_score,split2_test_score,split2_train_score,split3_test_score,split3_train_score,split4_test_score,split4_train_score,std_fit_time,std_score_time,std_test_score,std_train_score
6.030144929885864,0.044002532958984375,0.7762790134114639,0.782809218545467,0.1,0.2,389,"{'SVM__alpha': 0.1, 'SVM__gamma_frac': 0.2, 'SVM__n_iter': 389}",170,0.7958696659081298,0.7869205507136541,0.7799515445184738,0.777127835825841,0.7436906925095903,0.7840751949457686,0.8050878255602667,0.7921336897214429,0.7567345697780481,0.7737888215206283,0.08620098105238837,0.002097738454363339,0.02311369962425626,0.006619625113969517
5.590319871902466,0.046202564239501955,0.8830887295992089,0.8877094552831608,0.1,0.4,389,"{'SVM__alpha': 0.1, 'SVM__gamma_frac': 0.4, 'SVM__n_iter': 389}",66,0.8859425660027791,0.8846501199949475,0.8813345447203715,0.8869358722304445,0.86686856450636,0.8964677814840177,0.8811528366646478,0.876491638869867,0.9001672240802676,0.8940018638365272,0.11575297211305553,0.002925848636720123,0.01067049851456556,0.007100704915297024
5.657923650741577,0.05040283203125,0.8856869645465587,0.8901933172818552,0.1,0.6000000000000001,389,"{'SVM__alpha': 0.1, 'SVM__gamma_frac': 0.6000000000000001, 'SVM__n_iter': 389}",61,0.8866322975612703,0.8880983958570166,0.8826165960024227,0.8900395414080274,0.8674641631334545,0.8972321014380701,0.8916818090046438,0.879571008858159,0.900060808756461,0.8960255388480027,0.2449078352881274,0.004029993826427921,0.010813116433446871,0.006337271807933842
5.421110057830811,0.05000290870666504,0.8914752426697458,0.8938782785781388,0.1,0.8,389,"{'SVM__alpha': 0.1, 'SVM__gamma_frac': 0.8, 'SVM__n_iter': 389}",50,0.8880117606782528,0.8932202854616648,0.885958005249344,0.8946453422872165,0.8688370684433677,0.8989065364819192,0.9099939430648093,0.8858512447811969,0.9046011959055438,0.8967679838786968,0.24291508029695486,0.008462062465725863,0.014628100054656196,0.004451705010967408
5.320104312896729,0.05140290260314941,0.8933076787490151,0.8963063347945894,0.1,1.0,389,"{'SVM__alpha': 0.1, 'SVM__gamma_frac': 1.0, 'SVM__n_iter': 389}",45,0.8919487685522686,0.8972085385878491,0.8879265091863517,0.8977247122755084,0.8675550171613164,0.8992511431664052,0.9145265495659197,0.8884623031213412,0.9046011959055438,0.8988849768218435,0.12405447716362253,0.009351453322118461,0.015947363598000492,0.003991889034161865
6.127750492095947,0.060803461074829104,0.8946477731233571,0.8989615061892822,0.1,1.2,389,"{'SVM__alpha': 0.1, 'SVM__gamma_frac': 1.2, 'SVM__n_iter': 389}",41,0.88880218297521,0.8983895414929898,0.8918635170603676,0.9023062139654068,0.8689279224712296,0.9041529523514988,0.9151221481930144,0.8909253573085335,0.9085537650755042,0.8990334658279822,0.4882692884976506,0.010998698215876485,0.01622197988185847,0.004539828058414268
6.1653525829315186,0.06380367279052734,0.8941539210055995,0.898315593014059,0.1,1.4000000000000001,389,"{'SVM__alpha': 0.1, 'SVM__gamma_frac': 1.4000000000000001, 'SVM__n_iter': 389}",42,0.8901816460921925,0.8991016167740307,0.8918635170603676,0.9002606640305726,0.866363819907127,0.902896021560008,0.9158086008479709,0.8914422673352626,0.9065774804905241,0.8978773953704218,0.6022705778002907,0.012416727181627438,0.016830742480663012,0.003816178280341679
5.4127096176147464,0.04980292320251465,0.8934218025058146,0.8972211296068394,0.1,1.6,389,"{'SVM__alpha': 0.1, 'SVM__gamma_frac': 1.6, 'SVM__n_iter': 389}",44,0.8890035644521416,0.8956233421750662,0.8938320209973754,0.9015904923899357,0.8657682212800324,0.9060239899268816,0.9171815061578842,0.8895447215533809,0.9013428600385122,0.893323101988933,0.1741105990963919,0.0017206008860682364,0.01680243563284655,0.00588653489813448
5.592519903182984,0.051202917098999025,0.8930471425070396,0.8968028407029166,0.1,1.8,389,"{'SVM__alpha': 0.1, 'SVM__gamma_frac': 1.8, 'SVM__n_iter': 389}",46,0.8896932960106331,0.8962880510294304,0.8945184736523318,0.9001369590669109,0.8632041187159297,0.9058759857739292,0.9164950535029275,0.8913428615608915,0.9013428600385122,0.8903703460834211,0.08462025390636048,0.0044455242774936255,0.017450233435011283,0.005742676630524841
5.515715408325195,0.0582033634185791,0.8956867046799286,0.8983187237038923,0.1,2.0,389,"{'SVM__alpha': 0.1, 'SVM__gamma_frac': 2.0, 'SVM__n_iter': 389}",39,0.8955988078216565,0.8958428066186687,0.8925499697153241,0.9031169232808323,0.8717645871189178,0.9088802491771413,0.9152130022208763,0.891391459939473,0.9033191446234925,0.8923621795033467,0.06857982823659951,0.012040649847548702,0.014293736608086425,0.006695761450201551
5.838134002685547,0.04900274276733398,0.8548653113782487,0.866433249422791,0.03162277660168379,0.2,389,"{'SVM__alpha': 0.03162277660168379, 'SVM__gamma_frac': 0.2, 'SVM__n_iter': 389}",147,0.8611877479509435,0.8624368447644309,0.8614072279426612,0.8542976429786386,0.8194225721784778,0.8580905255251938,0.9126892792247124,0.9208973027899886,0.8195550825985608,0.8364439310557031,0.2199666258586618,0.003949964684119679,0.03443111145122562,0.02863053461358958
5.3643067359924315,0.05680327415466309,0.8880136014371479,0.8952337656892458,0.03162277660168379,0.4,389,"{'SVM__alpha': 0.03162277660168379, 'SVM__gamma_frac': 0.4, 'SVM__n_iter': 389}",56,0.8964748172463096,0.8945797019072882,0.8923682616596003,0.8960745764209502,0.8687462144155058,0.8970354989065364,0.8850898445386634,0.889398926417637,0.8973902908685516,0.8990801247938179,0.16337766208485255,0.00813426337750728,0.010566293039765607,0.0032625398814586245
5.0280876636505125,0.04980278015136719,0.8975637739725338,0.9010524159710794,0.03162277660168379,0.6000000000000001,389,"{'SVM__alpha': 0.03162277660168379, 'SVM__gamma_frac': 0.6000000000000001, 'SVM__n_iter': 389}",35,0.895196044867793,0.9046040166729823,0.8963052695336162,0.9031434314873312,0.8844033918837069,0.9030948331087499,0.9099939430648094,0.8938081247652918,0.9019306780176346,0.9006116738210413,0.032482121569779594,0.006305865916764632,0.008413604215555818,0.003842699309503279
4.875478792190552,0.0474027156829834,0.9033365905640647,0.9037755295969347,0.03162277660168379,0.8,389,"{'SVM__alpha': 0.03162277660168379, 'SVM__gamma_frac': 0.8, 'SVM__n_iter': 389}",22,0.9005125158587913,0.9073102185171151,0.8943367655966082,0.9047935673418895,0.8883403997577228,0.9070843181868387,0.9218049666868565,0.8980936181492855,0.911705685618729,0.9015959257895454,0.07243993617876247,0.0028708037307522043,0.012040633524916468,0.003507514761234545
5.169295692443848,0.05000286102294922,0.9057382897884808,0.9068436061241236,0.03162277660168379,1.0,389,"{'SVM__alpha': 0.03162277660168379, 'SVM__gamma_frac': 1.0, 'SVM__n_iter': 389}",12,0.9012022474172826,0.9086633194391817,0.9035836866545528,0.9087830524199783,0.8857762971936202,0.9118138240296891,0.9237734706238644,0.9005809715257681,0.9143762035066382,0.9043768632060006,0.08293357351061464,0.0020976247903760413,0.012833522780919744,0.0039263542185833744
5.050288820266724,0.05020289421081543,0.9049486777014334,0.9073065077762914,0.03162277660168379,1.2,389,"{'SVM__alpha': 0.03162277660168379, 'SVM__gamma_frac': 1.2, 'SVM__n_iter': 389}",17,0.9005125158587911,0.9065681444991791,0.8997375328083991,0.9106054916167795,0.8838077932566122,0.9137356690008616,0.9270240258429235,0.901738496542888,0.9136819702037092,0.9038847372217487,0.11871319137188543,0.00397020668940783,0.014541499768471695,0.0043697563223490795
5.190696954727173,0.07700438499450683,0.904710646153667,0.9069522279223012,0.03162277660168379,1.4000000000000001,389,"{'SVM__alpha': 0.03162277660168379, 'SVM__gamma_frac': 1.4000000000000001, 'SVM__n_iter': 389}",19,0.9051392552912984,0.9067876089427813,0.9017060367454068,0.909324261635998,0.8799616394104584,0.9147208906757383,0.9270240258429235,0.9036603415140605,0.9097294010337487,0.9002680368429282,0.27951891709706195,0.027973062030780333,0.015131164565745458,0.004929922734370221
5.242099714279175,0.048002767562866214,0.9049870395753218,0.9079327015704676,0.03162277660168379,1.6,389,"{'SVM__alpha': 0.03162277660168379, 'SVM__gamma_frac': 1.6, 'SVM__n_iter': 389}",16,0.9058289868497894,0.9086096374889479,0.9010195840904505,0.9111224016435088,0.878679588128407,0.9152135015131768,0.9277104784978801,0.9054341823322805,0.911705685618729,0.8992837848744243,0.4787704203316441,0.006753128071338311,0.015937110580311897,0.005379383514830118
4.906280565261841,0.048402833938598636,0.9056191679011025,0.9071749418913184,0.03162277660168379,1.8,389,"{'SVM__alpha': 0.03162277660168379, 'SVM__gamma_frac': 1.8, 'SVM__n_iter': 389}",13,0.9148810842378718,0.9069597069597068,0.9017060367454068,0.9106297908060702,0.878679588128407,0.916519030683249,0.9211185140319,0.9060990965119617,0.911705685618729,0.8956670844956041,0.12710100365572777,0.008212652274633121,0.0148606039957767,0.006824698199501739
4.986485242843628,0.04900274276733398,0.903448315393796,0.9063508305246859,0.03162277660168379,2.0,389,"{'SVM__alpha': 0.03162277660168379, 'SVM__gamma_frac': 2.0, 'SVM__n_iter': 389}",21,0.9111454578407877,0.9065618289756221,0.9030789420553199,0.9094457575824514,0.8754290329093479,0.9129470498575184,0.9205229154048051,0.9063199982327863,0.9070588831458397,0.8964795179750513,0.09520927230228134,0.0035215008491259717,0.015159898079045877,0.005487749363970926
5.282302188873291,0.05020294189453125,0.8875930525501977,0.9190530751818647,0.01,0.2,389,"{'SVM__alpha': 0.01, 'SVM__gamma_frac': 0.2, 'SVM__n_iter': 389}",57,0.8926385001107598,0.9239879373500063,0.8916818090046437,0.9063708056285756,0.8864627498485768,0.9310256466897878,0.8726832222895214,0.8995714506616007,0.8945018749366576,0.934309535579353,0.06682588045687304,0.0054187752830436526,0.007917731125067998,0.01371735085183616
5.424710321426391,0.05800328254699707,0.8914579898782945,0.9058388016209644,0.01,0.4,389,"{'SVM__alpha': 0.01, 'SVM__gamma_frac': 0.4, 'SVM__n_iter': 389}",51,0.8882131421551844,0.9104142983453329,0.8943367655966082,0.9024785173076496,0.8811528366646478,0.9071837239612097,0.8891177064405411,0.8990302414455809,0.9044947805817372,0.9100872270450497,0.3326669159958742,0.011454892019934104,0.0077485462789943825,0.004437141135644462
5.022087144851684,0.050002765655517575,0.9051070998426817,0.9125472860582331,0.01,0.6000000000000001,389,"{'SVM__alpha': 0.01, 'SVM__gamma_frac': 0.6000000000000001, 'SVM__n_iter': 389}",15,0.8961878486416819,0.9108295440191994,0.9041792852816477,0.9097439749055644,0.8916818090046438,0.9173319490158828,0.9218049666868565,0.9113455123815414,0.9117056856187292,0.9134854499689782,0.038563289046689354,0.004816981711373747,0.010798780728606358,0.0026842727969809384
4.919881391525268,0.04880280494689941,0.9060679684066334,0.9109802740538949,0.01,0.8,389,"{'SVM__alpha': 0.01, 'SVM__gamma_frac': 0.8, 'SVM__n_iter': 389}",9,0.8937309946231144,0.9091496147530631,0.9114577024025843,0.909766065077647,0.8930547143145571,0.918094059952727,0.9218049666868565,0.9093507698424972,0.9103172190128712,0.9085408606435407,0.04418219107959277,0.003487298518412766,0.011104165720117848,0.0035787592400082975
4.939682531356811,0.05000290870666504,0.9055141009649087,0.9117454835688745,0.01,1.0,389,"{'SVM__alpha': 0.01, 'SVM__gamma_frac': 1.0, 'SVM__n_iter': 389}",14,0.8924522222445979,0.9091732979664013,0.9075206945285686,0.9142503700103822,0.8916818090046438,0.921025425788067,0.929678982434888,0.9115178157237844,0.9062582345191039,0.902760508355738,0.07606379725418413,0.0034642910231749468,0.013789348731473682,0.005996491218676754
4.902680397033691,0.051802968978881835,0.9069493068655496,0.9121799183570788,0.01,1.2,389,"{'SVM__alpha': 0.01, 'SVM__gamma_frac': 1.2, 'SVM__n_iter': 389}",4,0.9009152788126548,0.9108232284956423,0.9114577024025843,0.9159005058649405,0.8898041590954978,0.921886942499282,0.929678982434888,0.9143011774061721,0.9028934833282659,0.8979877375193572,0.04159373434173979,0.0026383370084554335,0.013295187598782118,0.007947671776879687
4.90428056716919,0.05800323486328125,0.905786442421498,0.9118304983409468,0.01,1.4000000000000001,389,"{'SVM__alpha': 0.01, 'SVM__gamma_frac': 1.4000000000000001, 'SVM__n_iter': 389}",11,0.9028837827496626,0.9105500821018062,0.9127397536846356,0.9186352691687467,0.8839895013123361,0.921270626698182,0.929678982434888,0.9149660915858535,0.8996351474612344,0.893730422150146,0.029565132182735685,0.005329396175869961,0.015103157537638358,0.009741715436982422
4.89488000869751,0.05040292739868164,0.9073430964157391,0.9118610654214429,0.01,1.6,389,"{'SVM__alpha': 0.01, 'SVM__gamma_frac': 1.6, 'SVM__n_iter': 389}",3,0.9080995630021951,0.9142715043577113,0.9108621037754897,0.9166140184232033,0.8891177064405411,0.9235127791645497,0.9309610337169393,0.9146214849013674,0.8976588628762541,0.8902855402603822,0.02416420288832658,0.005987076538763673,0.014117840461693404,0.011289698073327161
4.9282818794250485,0.04980287551879883,0.9085266948678058,0.9128060938542772,0.01,1.8,389,"{'SVM__alpha': 0.01, 'SVM__gamma_frac': 1.8, 'SVM__n_iter': 389}",1,0.910068066939203,0.9147641151951498,0.9108621037754897,0.916910026729108,0.8891177064405411,0.9241533941549405,0.9309610337169393,0.9144491815591245,0.9016114320462145,0.8937537516330637,0.05467657300705339,0.0036554059395310433,0.013679098267559657,0.010150160767652081
5.878136205673218,0.0548032283782959,0.9064538035444717,0.910870845873007,0.01,2.0,389,"{'SVM__alpha': 0.01, 'SVM__gamma_frac': 2.0, 'SVM__n_iter': 389}",7,0.9080995630021951,0.9149362132120753,0.9103573591762568,0.9173275309814662,0.8910862103775491,0.9226512624533344,0.9270240258429235,0.9089818639687203,0.8956825782912738,0.8904573587494388,0.7136338409479142,0.0018332408021705573,0.012594336671461107,0.011111011818697917
7.922853231430054,0.07260408401489257,0.8896680601896624,0.9270222856230529,0.0031622776601683794,0.2,389,"{'SVM__alpha': 0.0031622776601683794, 'SVM__gamma_frac': 0.2, 'SVM__n_iter': 389}",55,0.8860432567412447,0.9337691044587598,0.8909953563496872,0.9202147164726412,0.889622451039774,0.9293026132673573,0.880466384009691,0.9115929223088648,0.9012364447147055,0.9402320716076411,0.7959968932902373,0.016020946867926572,0.006829552783990968,0.01009580263619196
6.153351974487305,0.0644035816192627,0.9020896069262189,0.920432885755584,0.0031622776601683794,0.4,389,"{'SVM__alpha': 0.0031622776601683794, 'SVM__gamma_frac': 0.4, 'SVM__n_iter': 389}",24,0.894219344704674,0.9240526714664645,0.9068342418736121,0.9232675782544345,0.8969008681607107,0.9222580573902671,0.9061477892186555,0.9158276082970687,0.9063646498429105,0.9167585133696854,0.7441342780869437,0.006591356959415822,0.005407184785171291,0.003440324826290382
5.522515916824341,0.06220355033874512,0.9063557240978285,0.9206091643141615,0.0031622776601683794,0.6000000000000001,389,"{'SVM__alpha': 0.0031622776601683794, 'SVM__gamma_frac': 0.6000000000000001, 'SVM__n_iter': 389}",8,0.8938316853615804,0.9206454465075156,0.9147082576216435,0.9240296891912787,0.8996466787805372,0.9244737016501359,0.9258328285887343,0.9209503192029866,0.8977652782000608,0.9129466650188905,0.15970188750811803,0.009948371139270835,0.01204084698255231,0.004134398088280065
5.680724954605102,0.060803461074829104,0.9008528991281849,0.9159332453463895,0.0031622776601683794,0.8,389,"{'SVM__alpha': 0.0031622776601683794, 'SVM__gamma_frac': 0.8, 'SVM__n_iter': 389}",28,0.8818343838733713,0.9156830238726791,0.9166767615586515,0.9272813625218139,0.8962144155057541,0.9266915549272129,0.9297698364627498,0.9227241600212066,0.8797658862876253,0.887286125389035,0.7849922315177357,0.010980593027985413,0.019566995851782527,0.014908773277648384
5.728727674484253,0.0630035400390625,0.8993117243191713,0.9109381122198315,0.0031622776601683794,1.0,389,"{'SVM__alpha': 0.0031622776601683794, 'SVM__gamma_frac': 1.0, 'SVM__n_iter': 389}",32,0.8819350746118372,0.9082338638373121,0.9193317181506159,0.920899511807197,0.8931455683424188,0.9287348958448388,0.9322430849989907,0.921542335814796,0.8698844633627243,0.8752799537950133,0.7887606679754253,0.010237721392945664,0.023196258277526884,0.019011689923572214
5.675724601745605,0.0656038761138916,0.9009436969239673,0.9099624396272764,0.0031622776601683794,1.2,389,"{'SVM__alpha': 0.0031622776601683794, 'SVM__gamma_frac': 1.2, 'SVM__n_iter': 389}",26,0.8934440260184867,0.914353606163951,0.9239551786795881,0.9221785327707702,0.8937411669695136,0.9270361616116989,0.9322430849989907,0.9227749674169962,0.8612850917198743,0.8634689301729661,0.9413560808220114,0.029447276508623478,0.025249758604580223,0.023604383268304472
6.504772043228149,0.09780545234680176,0.9009426366914125,0.9076304848468979,0.0031622776601683794,1.4000000000000001,389,"{'SVM__alpha': 0.0031622776601683794, 'SVM__gamma_frac': 1.4000000000000001, 'SVM__n_iter': 389}",27,0.8973810338925025,0.9156356574460023,0.9219866747425802,0.9224988402659655,0.893145568342419,0.9286111908811772,0.933525136281042,0.9212485365260995,0.858614573831965,0.8501581991152452,0.7442650117403747,0.041722433018261576,0.02594938388725875,0.029030521062027644
5.473913049697876,0.06160359382629395,0.9002435624693728,0.9052362279094212,0.0031622776601683794,1.6,389,"{'SVM__alpha': 0.0031622776601683794, 'SVM__gamma_frac': 1.6, 'SVM__n_iter': 389}",29,0.9082002537406608,0.9175413666792979,0.9227639814253988,0.923236652013519,0.8983646274984859,0.9290795025293248,0.932929537653947,0.9206322207249995,0.8388517279821626,0.8356913975999638,0.05334583024177382,0.0026534777371198686,0.03288034308095562,0.03497843184084161
5.346905851364136,0.06000337600708008,0.9010317616336669,0.9018203239613605,0.0031622776601683794,1.8,389,"{'SVM__alpha': 0.0031622776601683794, 'SVM__gamma_frac': 1.8, 'SVM__n_iter': 389}",25,0.9095797168576434,0.9177134646962232,0.9239551786795881,0.921833926086284,0.9023924894003635,0.9267622434778768,0.9322430849989907,0.9200910115089797,0.8368754433971826,0.8227009740374382,0.09875494885701683,0.007589896435582147,0.03371736687987505,0.03967095939714101
5.446111536026001,0.06200351715087891,0.8974256794135533,0.9009828392656505,0.0031622776601683794,2.0,389,"{'SVM__alpha': 0.0031622776601683794, 'SVM__gamma_frac': 2.0, 'SVM__n_iter': 389}",36,0.9058440904605595,0.9152204117721359,0.918917827579245,0.9211425037001036,0.8957096709065214,0.9297709249155051,0.9316474863718959,0.9208288232565331,0.8348991588122022,0.817951532683975,0.10527386976075763,0.006229278647719927,0.0334976533633367,0.041775436250497976
5.78673095703125,0.061203527450561526,0.8951942014031687,0.9538582479031719,0.001,0.2,389,"{'SVM__alpha': 0.001, 'SVM__gamma_frac': 0.2, 'SVM__n_iter': 389}",40,0.8881124514167185,0.9551234684855374,0.9060569351907936,0.9507079900152422,0.9021199273167776,0.9561753076056463,0.8877448011306279,0.9499679692504804,0.8919428397689267,0.9573165041589532,0.10742050942016436,0.009724892295278939,0.0075132180043300375,0.002966057244005001
5.329904794692993,0.0586033821105957,0.9064668866344624,0.9345004753467858,0.001,0.4,389,"{'SVM__alpha': 0.001, 'SVM__gamma_frac': 0.4, 'SVM__n_iter': 389}",6,0.9013029381557485,0.9347953770367562,0.9153947102766001,0.9439329342375575,0.9146174035937816,0.9478495217477745,0.9230870179689078,0.9311493516534495,0.8778960170264519,0.9147751920583919,0.03922269105927769,0.004176447922970993,0.015900317924658597,0.011554844164799698
5.226098918914795,0.0542029857635498,0.9039752908196255,0.9223656784965135,0.001,0.6000000000000001,389,"{'SVM__alpha': 0.001, 'SVM__gamma_frac': 0.6000000000000001, 'SVM__n_iter': 389}",20,0.8989467748756468,0.9313644688644688,0.9231778719967697,0.9361991649914952,0.9166767615586513,0.9418144867348518,0.9256511205330105,0.9310521548962867,0.8553562379649335,0.8713981169954653,0.09723813478860255,0.0035442634439130593,0.02602066523971685,0.02578273420796114
5.247300052642823,0.058403396606445314,0.907619201459288,0.9238227056168536,0.001,0.8,389,"{'SVM__alpha': 0.001, 'SVM__gamma_frac': 0.8, 'SVM__n_iter': 389}",2,0.8996365064341382,0.9300587343690792,0.9202907328891582,0.9268064238220416,0.9113668483747225,0.9396231416642736,0.934898041590955,0.9329717908502507,0.8718607479477044,0.8896534373786236,0.12206773256630296,0.0031371365043339704,0.0212567708938315,0.01759936965211678
5.212498140335083,0.06220364570617676,0.9069048559550927,0.9227523485391901,0.001,1.0,389,"{'SVM__alpha': 0.001, 'SVM__gamma_frac': 1.0, 'SVM__n_iter': 389}",5,0.9097659947238051,0.9322849564228874,0.9226731273975369,0.9321058561046188,0.9051383000201898,0.9338310985442577,0.936866545527963,0.9331197950032031,0.860003040437823,0.882420036620983,0.13292919548665047,0.005980312981261491,0.02589990449220219,0.02017561275088007
5.250300359725952,0.0634035587310791,0.8971551511855017,0.9064619381696664,0.001,1.2,389,"{'SVM__alpha': 0.001, 'SVM__gamma_frac': 1.2, 'SVM__n_iter': 389}",37,0.9075105221821697,0.928776683087028,0.9127801332525743,0.9180830148666856,0.9062386432465174,0.9351145375422475,0.9361800928730064,0.9314696591486448,0.8229350359785141,0.8188657962037255,0.10197053784370828,0.00947887463100504,0.0386188242229419,0.044164327032142736
5.141894054412842,0.055603313446044925,0.9047163003412112,0.9115756330585949,0.001,1.4000000000000001,389,"{'SVM__alpha': 0.001, 'SVM__gamma_frac': 1.4000000000000001, 'SVM__n_iter': 389}",18,0.8964043337293837,0.9061797398004294,0.912870987280436,0.9147076365724888,0.9076115485564306,0.9346705250833904,0.9374621441550576,0.9267666615122933,0.8691902300597951,0.8755536023243732,0.07730538825726178,0.0064687458940685385,0.022255379675523195,0.020497088531788173
5.145894289016724,0.05780344009399414,0.8963262131510905,0.9016182339755259,0.001,1.6,389,"{'SVM__alpha': 0.001, 'SVM__gamma_frac': 1.6, 'SVM__n_iter': 389}",38,0.8952262520893328,0.8994489705696603,0.9051786795881284,0.9083743842364532,0.8936503129416516,0.9316684706973867,0.9256511205330104,0.9142304888555083,0.8618729096989965,0.8543688555186206,0.08880288724101092,0.0054187541618436865,0.020648852240675412,0.02586480517936924
5.116092586517334,0.056403160095214844,0.890509929261121,0.8958319313678288,0.001,1.8,389,"{'SVM__alpha': 0.001, 'SVM__gamma_frac': 1.8, 'SVM__n_iter': 389}",53,0.8939474797108162,0.8986595301250474,0.8904805168584696,0.9000949877399543,0.8864627498485765,0.9290331131679517,0.9236826165960024,0.9109545163356823,0.8579203405290362,0.8404175094705091,0.07654038233784573,0.0041282226279920784,0.020924028830821242,0.029758824464728606
5.138893938064575,0.06460371017456054,0.8903455609009052,0.8924259024135228,0.001,2.0,389,"{'SVM__alpha': 0.001, 'SVM__gamma_frac': 2.0, 'SVM__n_iter': 389}",54,0.8831282598626577,0.8894120247568522,0.9025237229961639,0.910419934171287,0.9075206945285685,0.9327751883187171,0.9217141126589946,0.9099692946608056,0.8367690280733757,0.8195530701599522,0.06926460473759338,0.006945962641263407,0.029480287862659663,0.03893367129538899
5.31450400352478,0.061603450775146486,0.8988556147293674,0.9616427067909823,0.00031622776601683794,0.2,389,"{'SVM__alpha': 0.00031622776601683794, 'SVM__gamma_frac': 0.2, 'SVM__n_iter': 389}",33,0.8901816460921923,0.9584943791840342,0.9178679588128408,0.9667918443084669,0.8995558247526753,0.9658817292186708,0.8980920654148999,0.9601427025116526,0.8885780885780885,0.9569028787320868,0.16129710801539723,0.004317639307063099,0.010424592229346908,0.003977709841177081
5.052689027786255,0.05780329704284668,0.8981679486795059,0.9301215587872619,0.00031622776601683794,0.4,389,"{'SVM__alpha': 0.00031622776601683794, 'SVM__gamma_frac': 0.4, 'SVM__n_iter': 389}",34,0.849477415067362,0.8925097890615132,0.9179588128407027,0.9512757074377609,0.9147991116495054,0.9557555943360799,0.9335251362810418,0.9477037266120303,0.8751190838147359,0.9033629764889254,0.10604120332609437,0.005455518864098781,0.03105890928639842,0.02662480556767838
5.072290134429932,0.06000351905822754,0.9031403881699126,0.9280045116556254,0.00031622776601683794,0.6000000000000001,389,"{'SVM__alpha': 0.00031622776601683794, 'SVM__gamma_frac': 0.6000000000000001, 'SVM__n_iter': 389}",23,0.8956139114324264,0.9221753820891752,0.915485564304462,0.9467914025050254,0.9115485564304461,0.9502131701605956,0.9370482535836868,0.9434138151936206,0.8559440559440561,0.8774287883297099,0.11226334251947973,0.009381269886293113,0.027031887662903865,0.027112731169492078
5.07509036064148,0.06200351715087891,0.8905697898665066,0.9059485215500065,0.00031622776601683794,0.8,389,"{'SVM__alpha': 0.00031622776601683794, 'SVM__gamma_frac': 0.8, 'SVM__n_iter': 389}",52,0.8445637070302273,0.8685960591133004,0.9239551786795882,0.9452384634076298,0.9074298405007067,0.9431708233007136,0.9413991520290734,0.9396231416642736,0.8354869767913246,0.833114120264115,0.060307398401820374,0.00977818210692979,0.042735747865849084,0.046396628712431526
5.014686822891235,0.05520319938659668,0.8928516351769631,0.9089935571089619,0.00031622776601683794,1.0,389,"{'SVM__alpha': 0.00031622776601683794, 'SVM__gamma_frac': 1.0, 'SVM__n_iter': 389}",47,0.9171516603902774,0.9358753315649866,0.9219866747425802,0.9408292650599747,0.8988188976377953,0.9405045395303632,0.9394306480920654,0.9396231416642736,0.7866676801459409,0.7881355077252116,0.043676837254035136,0.0017206119692711427,0.05459486390680078,0.06045481562735038
5.01488676071167,0.059403419494628906,0.9058795649073608,0.9203919466636117,0.00031622776601683794,1.2,389,"{'SVM__alpha': 0.00031622776601683794, 'SVM__gamma_frac': 1.2, 'SVM__n_iter': 389}",10,0.918430432768794,0.9344748642162435,0.9191500100948921,0.934451832379774,0.8983141530385625,0.935697718085224,0.9374621441550576,0.9328502949037972,0.8559440559440561,0.8644850237330198,0.05543088668234462,0.006406595442250645,0.027850498906418778,0.02796808918892131
5.014886856079102,0.05700316429138184,0.8740725920527731,0.8813497697905698,0.00031622776601683794,1.4000000000000001,389,"{'SVM__alpha': 0.00031622776601683794, 'SVM__gamma_frac': 1.4000000000000001, 'SVM__n_iter': 389}",96,0.9210886682642931,0.9309255399772641,0.8483545326065012,0.8485210629790805,0.8746517262265295,0.9231968897037707,0.917686250757117,0.9065961253838167,0.8084068105807236,0.7975092309089168,0.05394236233872275,0.004195420070300419,0.04262193873882422,0.050898481030881675
5.0276875495910645,0.06060352325439453,0.8870494324280624,0.8935050316153713,0.00031622776601683794,1.6,389,"{'SVM__alpha': 0.00031622776601683794, 'SVM__gamma_frac': 1.6, 'SVM__n_iter': 389}",58,0.9191201643272853,0.9318633952254642,0.8457904300423987,0.8437164505511496,0.8989602261255806,0.9351167465594558,0.9364526549565919,0.9317369502308425,0.8347927434883956,0.8250916155099447,0.09474415639152142,0.009646134650095308,0.04010361791720596,0.04862895595847123
5.004886198043823,0.06040353775024414,0.8810632549746019,0.8846659131522987,0.00031622776601683794,1.8,389,"{'SVM__alpha': 0.00031622776601683794, 'SVM__gamma_frac': 1.8, 'SVM__n_iter': 389}",71,0.9193215458042169,0.9298566376152582,0.8278417120936806,0.8278733791336234,0.9114577024025843,0.9379730058097153,0.915717746820109,0.9069407320683027,0.830840174318435,0.8206858111345946,0.03693224394850254,0.004176386266542687,0.04228876832064637,0.05039615191117773
4.999885940551758,0.057603311538696286,0.8712700830501685,0.8780128748462592,0.00031622776601683794,2.0,389,"{'SVM__alpha': 0.00031622776601683794, 'SVM__gamma_frac': 2.0, 'SVM__n_iter': 389}",103,0.9129276839116338,0.9281530251357838,0.8079244902079549,0.8056241578121892,0.8989602261255804,0.9361262674236233,0.9338885523924896,0.9288541827740839,0.8024779568257829,0.7913067410856154,0.05961083535807091,0.004587154404249673,0.055070027184867705,0.06516766014715605
4.959083604812622,0.059803342819213866,0.8868709953183179,0.957071254490347,0.0001,0.2,389,"{'SVM__alpha': 0.0001, 'SVM__gamma_frac': 0.2, 'SVM__n_iter': 389}",59,0.8477958797349819,0.9116631931287104,0.905370482535837,0.9719918708166736,0.9028972339995963,0.9727296825642271,0.8970825762164345,0.9705604276657317,0.88126076821729,0.9584110982763925,0.07067905119874536,0.005115005792791649,0.021279140387581455,0.02329573425436941
4.880079126358032,0.05720338821411133,0.8757526141397629,0.9111192705188296,0.0001,0.4,389,"{'SVM__alpha': 0.0001, 'SVM__gamma_frac': 0.4, 'SVM__n_iter': 389}",90,0.7991169422236543,0.8317070860174308,0.9048657379366041,0.9539618723629856,0.9115485564304461,0.9596235834677151,0.927801332525742,0.954770372661203,0.8354869767913246,0.8555334380848134,0.03870314756514109,0.0038159601106075823,0.04967684034696335,0.0556590611497013
4.989885377883911,0.06820392608642578,0.8758297685795671,0.900457028634496,0.0001,0.6000000000000001,389,"{'SVM__alpha': 0.0001, 'SVM__gamma_frac': 0.6000000000000001, 'SVM__n_iter': 389}",89,0.786329218438488,0.8162987874194771,0.9107712497476278,0.9443548565243322,0.914021804966687,0.9531953433917251,0.9286694932364223,0.9422297819700015,0.8394395459612851,0.8462063738669436,0.14147279988778685,0.009928276808847307,0.054436300705164656,0.05740915461008058
4.91548113822937,0.06020345687866211,0.886300913961971,0.9072111591922832,0.0001,0.8,389,"{'SVM__alpha': 0.0001, 'SVM__gamma_frac': 0.8, 'SVM__n_iter': 389}",60,0.8482993334273112,0.8748579007199696,0.9207046234605292,0.9451898650290484,0.8915909549767818,0.9403653714462438,0.9354027861901879,0.9382712231328283,0.8354869767913246,0.8373714356333262,0.04789594065843463,0.005418755920408277,0.039107551623510706,0.0434295562486536
4.947482967376709,0.05480318069458008,0.8937302671471439,0.9073622211593548,0.0001,1.0,389,"{'SVM__alpha': 0.0001, 'SVM__gamma_frac': 1.0, 'SVM__n_iter': 389}",43,0.8936454074954185,0.915717759252242,0.927892186553604,0.9433409176257481,0.9103573591762568,0.9454328569219557,0.9294972743791642,0.9213744505069694,0.8071247592986724,0.8109451214898586,0.053314853351769824,0.0041668836816092965,0.04519214572111832,0.04961099596577131
4.936682271957397,0.06560373306274414,0.8834039103116276,0.8972266452480749,0.0001,1.2,389,"{'SVM__alpha': 0.0001, 'SVM__gamma_frac': 1.2, 'SVM__n_iter': 389}",65,0.898760497009485,0.9177655677655678,0.9217141126589946,0.9350924473701647,0.9038562487381384,0.9408756544213481,0.9176862507571167,0.9113256312266673,0.7748099726360597,0.7810739254566273,0.04977260065512107,0.010670204873669093,0.05490313525093408,0.05907814829683207
4.98788537979126,0.05860319137573242,0.8694481537919324,0.8792058920420688,0.0001,1.4000000000000001,389,"{'SVM__alpha': 0.0001, 'SVM__gamma_frac': 1.4000000000000001, 'SVM__n_iter': 389}",110,0.9059447811990252,0.9214159403814575,0.8220270543105188,0.8230930658949832,0.9075206945285685,0.9406083633391503,0.932788209166162,0.9308224171066294,0.77876254180602,0.7800896734881234,0.0509482505521508,0.005851962922532811,0.058745934345941296,0.06509822019162947
4.943482732772827,0.05520315170288086,0.8921204950308098,0.8996385305710298,0.0001,1.6,389,"{'SVM__alpha': 0.0001, 'SVM__gamma_frac': 1.6, 'SVM__n_iter': 389}",49,0.9224681313812755,0.93123973727422,0.9266101352715527,0.9358501402725925,0.9108621037754897,0.9389825266738827,0.9374621441550576,0.9299189290684575,0.7629522651261781,0.762201319565996,0.08108581437245554,0.002400104207642529,0.06508084444057426,0.06879499469237943
5.002286100387574,0.0586033821105957,0.8840082170322358,0.8952676678594512,0.0001,1.8,389,"{'SVM__alpha': 0.0001, 'SVM__gamma_frac': 1.8, 'SVM__n_iter': 389}",63,0.9302263527800712,0.9324460022735885,0.9111851403189987,0.928023592303784,0.8864627498485765,0.9301420398064901,0.9447405612759945,0.9363206609379487,0.7471419884463362,0.749406043975445,0.05260340210518933,0.007228229724648262,0.0710995605545083,0.07298268632695722
4.969884252548217,0.062003564834594724,0.8567712659337489,0.8642336919304601,0.0001,2.0,389,"{'SVM__alpha': 0.0001, 'SVM__gamma_frac': 2.0, 'SVM__n_iter': 389}",145,0.909881789073041,0.911206896551724,0.7874116696951343,0.7965318429830568,0.898273773470624,0.9347964390642601,0.9408944074298407,0.9315160485100179,0.7471419884463362,0.7471172325432416,0.03455986504561473,0.004381898165435582,0.07541211896095228,0.07747554988853389
4.760272264480591,0.06140356063842774,0.8690313037753018,0.9451574129026952,3.1622776601683795e-05,0.2,389,"{'SVM__alpha': 3.1622776601683795e-05, 'SVM__gamma_frac': 0.2, 'SVM__n_iter': 389}",111,0.7948778621342409,0.8546355942907666,0.8916313345447203,0.9617376129360046,0.9040884312537856,0.9767213766595243,0.8852715525943872,0.9739844043385099,0.8694030607074087,0.9587080762886702,0.09668015770445712,0.004964141768442255,0.03875801481111249,0.04578209781003576
4.84027681350708,0.06200351715087891,0.8653170054709203,0.9021943501010942,3.1622776601683795e-05,0.4,389,"{'SVM__alpha': 3.1622776601683795e-05, 'SVM__gamma_frac': 0.4, 'SVM__n_iter': 389}",120,0.7664579012022474,0.7986942655046104,0.9127397536846356,0.957458746603636,0.9066020593579649,0.9599659811349932,0.9245507773066828,0.9554109876515939,0.8163119489206445,0.8394417696106372,0.05789630395488307,0.003949831882960865,0.06268664473148242,0.06909975290111962
4.846877193450927,0.053403043746948244,0.8781956383548677,0.9045049474024438,3.1622776601683795e-05,0.6000000000000001,389,"{'SVM__alpha': 3.1622776601683795e-05, 'SVM__gamma_frac': 0.6000000000000001, 'SVM__n_iter': 389}",79,0.8361006504621703,0.8686907919666541,0.9020290732889159,0.940316773067662,0.9115485564304463,0.9532439417703065,0.930183727034121,0.9462501932890057,0.8110773284686328,0.8140230369185915,0.05772866185879112,0.002870863531672668,0.0461645384583693,0.05453489128619002
4.922281551361084,0.06020345687866211,0.8669058363525999,0.8886986681856215,3.1622776601683795e-05,0.8,389,"{'SVM__alpha': 3.1622776601683795e-05, 'SVM__gamma_frac': 0.8, 'SVM__n_iter': 389}",114,0.7939011619711218,0.8319802324112671,0.8953462547950737,0.9219664671187788,0.9001918029477086,0.9422275729527932,0.9300928730062589,0.9334445205328151,0.8150298976385931,0.8138745479124527,0.16196597222457995,0.004069656117933793,0.05279073257870646,0.054387335520413166
4.767672729492188,0.05780324935913086,0.8639115805374208,0.8840292536429283,3.1622776601683795e-05,1.0,389,"{'SVM__alpha': 3.1622776601683795e-05, 'SVM__gamma_frac': 1.0, 'SVM__n_iter': 389}",122,0.7991169422236541,0.8326212580522925,0.9194225721784778,0.9424771918973249,0.901383000201898,0.9451611478053414,0.9228144558853222,0.917016059555104,0.7767862572210397,0.7828706109045787,0.09838166130039272,0.00945354814736082,0.06283156134453356,0.06498807943873043
5.135093736648559,0.0654036521911621,0.8632993520058745,0.8796413510484828,3.1622776601683795e-05,1.2,389,"{'SVM__alpha': 3.1622776601683795e-05, 'SVM__gamma_frac': 1.2, 'SVM__n_iter': 389}",125,0.8067895764947539,0.8361232158645951,0.925923682616596,0.9407033510791049,0.906511205330103,0.943066999491926,0.9320109024833435,0.9333362786896112,0.7451657038613559,0.7449769101171771,0.2552065559446934,0.011775127397083968,0.07435395117460891,0.07831074731327901
4.856077718734741,0.054003143310546876,0.8763575348764857,0.8905382000600426,3.1622776601683795e-05,1.4000000000000001,389,"{'SVM__alpha': 3.1622776601683795e-05, 'SVM__gamma_frac': 1.4000000000000001, 'SVM__n_iter': 389}",88,0.8611877479509435,0.8773746368573954,0.917777104784979,0.9340829265059974,0.9094891984655764,0.9399677483487596,0.9282556026650516,0.9302061013055292,0.7649285497111583,0.7710595872825315,0.013863007476982301,0.0026078028206464672,0.06022344343156063,0.0638143935831562
5.07629017829895,0.057003355026245116,0.8660903972675335,0.8761110384621116,3.1622776601683795e-05,1.6,389,"{'SVM__alpha': 3.1622776601683795e-05, 'SVM__gamma_frac': 1.6, 'SVM__n_iter': 389}",118,0.8619781702479007,0.8696823291650876,0.9058752271350697,0.9212507455433078,0.8995558247526753,0.935781660739137,0.9137492428831012,0.9095274912191565,0.7491182730313164,0.7443129656438686,0.27281229006354774,0.006542498476013389,0.06107749425760925,0.06946494934137068
4.964883947372437,0.06280364990234374,0.8592454543887089,0.875085110962217,3.1622776601683795e-05,1.8,389,"{'SVM__alpha': 3.1622776601683795e-05, 'SVM__gamma_frac': 1.8, 'SVM__n_iter': 389}",137,0.9211893590027589,0.9288240495137048,0.9247324853624067,0.9325476595462678,0.8746517262265295,0.9250193289005723,0.863759337775086,0.8645784090658065,0.7115688659166919,0.7244561077847332,0.05959071471182578,0.0068531195360090075,0.07767083866483902,0.07935078009763054
4.8648782730102536,0.06320366859436036,0.8502137464305283,0.8591882593750313,3.1622776601683795e-05,2.0,389,"{'SVM__alpha': 3.1622776601683795e-05, 'SVM__gamma_frac': 2.0, 'SVM__n_iter': 389}",155,0.927568117284572,0.9316091954022988,0.7617706440541087,0.7731736950230841,0.8930547143145569,0.9323333848770682,0.9409852614577023,0.9312443393934039,0.7273791425965339,0.7275806821793016,0.026113471562974448,0.005776073279920663,0.0882665279425733,0.09000682161189076
4.621864318847656,0.06680383682250976,0.8705887522247031,0.9426125066334627,1e-05,0.2,389,"{'SVM__alpha': 1e-05, 'SVM__gamma_frac': 0.2, 'SVM__n_iter': 389}",105,0.755824959220251,0.819551282051282,0.9272057338986474,0.9731228876272945,0.9069250959014737,0.9738849985641389,0.8916818090046438,0.9786167134241976,0.8714857606161954,0.9678866515004011,0.061317852786106804,0.009765778952927325,0.060270577449819646,0.061624674280670866
4.670067024230957,0.06500387191772461,0.8846580887917656,0.921749379632104,1e-05,0.4,389,"{'SVM__alpha': 1e-05, 'SVM__gamma_frac': 0.4, 'SVM__n_iter': 389}",62,0.8938316853615804,0.9382957559681697,0.9183222289521504,0.9530429212043561,0.9034423581667677,0.9555788729594203,0.9149404401372907,0.9475093330977048,0.7925965339008817,0.8143200149308691,0.05096328419681772,0.006957445618973401,0.04679657872064921,0.054040996540465035
4.799274635314942,0.0604034423828125,0.8578707219797513,0.8819729056145285,1e-05,0.6000000000000001,389,"{'SVM__alpha': 1e-05, 'SVM__gamma_frac': 0.6000000000000001, 'SVM__n_iter': 389}",142,0.7958696659081298,0.8336064797271694,0.9156672723601859,0.9407497404404781,0.906511205330103,0.9545229627338797,0.9235009085402786,0.9355629680355211,0.7477298064254585,0.7454223771355936,0.04686853777960712,0.007003305009153368,0.07207765761374046,0.08071614444639658
4.898280191421509,0.05840334892272949,0.8820839618173,0.9070257979291941,1e-05,0.8,389,"{'SVM__alpha': 1e-05, 'SVM__gamma_frac': 0.8, 'SVM__n_iter': 389}",67,0.8092464305133215,0.8470443349753696,0.9188269735513831,0.9362919437142414,0.9048657379366041,0.9466190991627825,0.9275287704421564,0.9410788840045065,0.8500152021891152,0.8640947277890713,0.14488195136476922,0.006437682706715219,0.04533131660557405,0.04248435510725124
5.191496992111206,0.06320362091064453,0.853651027095259,0.8749353805936619,1e-05,1.0,389,"{'SVM__alpha': 1e-05, 'SVM__gamma_frac': 1.0, 'SVM__n_iter': 389}",148,0.8169190647844211,0.8460591133004924,0.9185544114677974,0.9395259449071106,0.8653139511407227,0.9235680045947557,0.9340298808802746,0.9300691422386181,0.7333079963514746,0.7354546979273332,0.3062921558642199,0.006853176593524898,0.07296646100748333,0.07728583885620448
5.312903928756714,0.06260361671447753,0.8452440187433699,0.8566577675674768,1e-05,1.2,389,"{'SVM__alpha': 1e-05, 'SVM__gamma_frac': 1.2, 'SVM__n_iter': 389}",162,0.8610870572124776,0.8786803713527852,0.8194629517464166,0.8197662859793676,0.8879668887542904,0.9338001723033421,0.9202503533212194,0.9160794362588084,0.737260565521435,0.7349625719430811,0.41425826133713106,0.009891910244214588,0.06326068100262609,0.07230156630088291
4.841076946258545,0.055803108215332034,0.8722599609112284,0.8851761098606653,1e-05,1.4000000000000001,389,"{'SVM__alpha': 1e-05, 'SVM__gamma_frac': 1.4000000000000001, 'SVM__n_iter': 389}",99,0.8624665203294601,0.8740210938486801,0.9217141126589946,0.9360776690450417,0.8909852614577024,0.9246084516998389,0.9269735513830002,0.9274956371910138,0.7589996959562176,0.7636776975187519,0.03490424005029898,0.0021356404896904677,0.06114565550353179,0.0645338969652684
4.892679929733276,0.06000337600708008,0.8999022334754588,0.9094935397887148,1e-05,1.6,389,"{'SVM__alpha': 1e-05, 'SVM__gamma_frac': 1.6, 'SVM__n_iter': 389}",30,0.9091920575145499,0.919837059492232,0.9164041994750656,0.9306346506439285,0.8951544518473655,0.9321014380702025,0.9332929537653947,0.9285073670723896,0.8453683997162257,0.8363871836648222,0.042488097405493586,0.005657160743428321,0.029884954270130975,0.03679977436464087
4.879079151153564,0.059603309631347655,0.832034008428923,0.8456778091336614,1e-05,1.8,389,"{'SVM__alpha': 1e-05, 'SVM__gamma_frac': 1.8, 'SVM__n_iter': 389}",168,0.8562740399138087,0.8652188328912468,0.7592065414900061,0.7747752324990611,0.8766202301635373,0.9273100797455213,0.9365435089844538,0.9290750844949083,0.7313317117664943,0.7320098160375693,0.046221224302744196,0.0022450228786821055,0.07606274260682819,0.07993543992540565
4.921081447601319,0.06900396347045898,0.861207622858592,0.8726918401883579,1e-05,2.0,389,"{'SVM__alpha': 1e-05, 'SVM__gamma_frac': 2.0, 'SVM__n_iter': 389}",126,0.927568117284572,0.9292945560186939,0.7643347466182113,0.7765247741279904,0.8864627498485765,0.9295014248160994,0.8762568140520898,0.8748238308776425,0.8512972534711665,0.8533146151013635,0.02539753671984962,0.01492729265700632,0.054327285863537765,0.05667331501858107
4.872678756713867,0.067803955078125,0.8767505246212854,0.9559688564721597,3.162277660168379e-06,0.2,389,"{'SVM__alpha': 3.162277660168379e-06, 'SVM__gamma_frac': 0.2, 'SVM__n_iter': 389}",85,0.8328382705358761,0.9094432865984591,0.8988188976377953,0.9620579204312001,0.8989602261255804,0.9796505334776557,0.8916818090046438,0.9808345667012747,0.8614979223674876,0.947857975152209,0.11840380490106804,0.004354564252947763,0.025949135261425855,0.026254969505779893
5.698725891113281,0.06620378494262695,0.8774811904615643,0.9238014201103976,3.162277660168379e-06,0.4,389,"{'SVM__alpha': 3.162277660168379e-06, 'SVM__gamma_frac': 0.4, 'SVM__n_iter': 389}",83,0.8950097670016312,0.9459406972338007,0.9083888552392491,0.9600167885307826,0.8763476680799517,0.9421657204709624,0.9089844538663439,0.9541032494643132,0.7985253876558221,0.816780644852129,0.8448059401348773,0.011635170424768816,0.041185169555990914,0.05387131932332596
4.162638139724732,0.04800267219543457,0.8611201274847585,0.8882373496178533,3.162277660168379e-06,0.6000000000000001,389,"{'SVM__alpha': 3.162277660168379e-06, 'SVM__gamma_frac': 0.6000000000000001, 'SVM__n_iter': 389}",127,0.8341321465251627,0.8707622836933182,0.9033111245709671,0.9399964655724667,0.910266505148395,0.9519627117895251,0.9152533817888149,0.9379641697408823,0.7424951859734468,0.7405011172930739,0.35856681895949083,0.004816942113016981,0.06618967290850129,0.0791758255763083
3.9634267330169677,0.04640254974365234,0.8815355299625043,0.9040737906053365,3.162277660168379e-06,0.8,389,"{'SVM__alpha': 3.162277660168379e-06, 'SVM__gamma_frac': 0.8, 'SVM__n_iter': 389}",68,0.8156402924059045,0.849608437539472,0.9181405208964266,0.9442510327155449,0.9122350090854028,0.9495239567916236,0.922259236826166,0.9361925379398705,0.8394395459612851,0.8407929880401721,0.04027828688158015,0.00293950558450923,0.04485320219747088,0.04833730852698284
4.019629955291748,0.04480257034301758,0.8746751211821836,0.8947979190344306,3.162277660168379e-06,1.0,389,"{'SVM__alpha': 3.162277660168379e-06, 'SVM__gamma_frac': 1.0, 'SVM__n_iter': 389}",95,0.802263527800713,0.8348648477958823,0.9165859075307896,0.9365459806931895,0.9013830002018979,0.9439042170138505,0.925600646073087,0.9337780821312599,0.8275818384514037,0.8248964675379704,0.03430995834354009,0.003544376463575978,0.050058262587054134,0.05320144399912358
4.005829000473023,0.050603055953979494,0.8609468715023978,0.8768615480892498,3.162277660168379e-06,1.2,389,"{'SVM__alpha': 3.162277660168379e-06, 'SVM__gamma_frac': 1.2, 'SVM__n_iter': 389}",128,0.8176087963429124,0.8487716306681822,0.9251463759337775,0.9374560957829862,0.8912174439733496,0.9352294064370761,0.919563900666263,0.9136163820716163,0.7510945576162967,0.7492342254863882,0.019490597670642176,0.0037203863324553163,0.0669383861469883,0.07142436678737732
4.011629390716553,0.051002883911132814,0.8635643131647396,0.8772061286606817,3.162277660168379e-06,1.4000000000000001,389,"{'SVM__alpha': 3.162277660168379e-06, 'SVM__gamma_frac': 1.4000000000000001, 'SVM__n_iter': 389}",123,0.8573514308153938,0.8690649867374006,0.9071572784171211,0.9212021471647263,0.8691601049868766,0.919651417084539,0.9269735513830002,0.9257217963727938,0.7570234113712374,0.7503902959439488,0.07229681114959695,0.007772247982728819,0.05886321241101127,0.06669266194507179
4.05003170967102,0.051402854919433597,0.8663846463932051,0.8768783644501706,3.162277660168379e-06,1.6,389,"{'SVM__alpha': 3.162277660168379e-06, 'SVM__gamma_frac': 1.6, 'SVM__n_iter': 389}",117,0.8479116740842175,0.8597937981558672,0.9164041994750656,0.9316198723188052,0.9028063799717344,0.9351167465594558,0.9352614577024027,0.9291479820627803,0.729355427181514,0.7287134231539444,0.055245896551336764,0.008040366351557764,0.07438029870409507,0.07920250879181281
4.048631572723389,0.046402692794799805,0.8794765923310631,0.8908998640212319,3.162277660168379e-06,1.8,389,"{'SVM__alpha': 3.162277660168379e-06, 'SVM__gamma_frac': 1.8, 'SVM__n_iter': 389}",74,0.9283585395815293,0.9338227864089933,0.9265192812436908,0.9359274558748812,0.8884312537855845,0.9298217323112947,0.9244094488188977,0.9260421038679892,0.729355427181514,0.7288852416430011,0.009135145788558988,0.0034987428050739385,0.07642864265506805,0.08107834237506507
4.051831674575806,0.04680280685424805,0.8436674729058898,0.8543985975180324,3.162277660168379e-06,2.0,389,"{'SVM__alpha': 3.162277660168379e-06, 'SVM__gamma_frac': 2.0, 'SVM__n_iter': 389}",163,0.9255996133475641,0.9266594038145761,0.7515142337976984,0.7680487750999578,0.8844942459115688,0.926521460602178,0.9250959014738543,0.9221984139256444,0.7313317117664943,0.7285649341478055,0.04854800630218816,0.00523093775031296,0.08498548254482545,0.08753347848656708
3.804817533493042,0.046002769470214845,0.8709597456535298,0.9516068470671518,1e-06,0.2,389,"{'SVM__alpha': 1e-06, 'SVM__gamma_frac': 0.2, 'SVM__n_iter': 389}",104,0.8283122218418351,0.9055971327523051,0.9080254391278013,0.9780755042081777,0.894336765596608,0.9815237800702469,0.8864627498485765,0.9781241025867593,0.8376760920239181,0.9147137157182705,0.027201459338243708,0.0022804992338348357,0.03190113092583232,0.03399051186290852
3.893422555923462,0.04980287551879883,0.8812264149956613,0.9207056524954934,1e-06,0.4,389,"{'SVM__alpha': 1e-06, 'SVM__gamma_frac': 0.4, 'SVM__n_iter': 389}",69,0.8975673117586646,0.9432044966527723,0.9091661619220676,0.9520576995294792,0.9075206945285685,0.960363604232477,0.9089844538663439,0.9547438644547044,0.7827151109759805,0.7931585976080345,0.03183515486552458,0.0030595671475675866,0.049395090473332265,0.06401367519749561
3.951025915145874,0.05060310363769531,0.8592417969491389,0.8839611616240752,1e-06,0.6000000000000001,389,"{'SVM__alpha': 1e-06, 'SVM__gamma_frac': 0.6000000000000001, 'SVM__n_iter': 389}",138,0.8092464305133213,0.8403372489579385,0.9175449222693317,0.9436082087079456,0.9093983444377145,0.9513000066270517,0.9082475267514638,0.9332324548808236,0.7516823755954191,0.7513278889466172,0.05599745999475169,0.005713503197441575,0.0668894280969897,0.07747848912929124
3.9776275157928467,0.046002531051635744,0.8522418303672271,0.8778741170671278,1e-06,0.8,389,"{'SVM__alpha': 1e-06, 'SVM__gamma_frac': 0.8, 'SVM__n_iter': 389}",151,0.8066888857562879,0.8470443349753694,0.8973147587320814,0.9242086195851462,0.9014738542297598,0.9407740396297688,0.9223097112860893,0.9379752148269236,0.7333079963514746,0.7393683763184311,0.03699184047377093,0.0024495458080823498,0.071507278081103,0.07726544378709219
3.9962285995483398,0.04420251846313476,0.8526929433025031,0.8755138203908095,1e-06,1.0,389,"{'SVM__alpha': 1e-06, 'SVM__gamma_frac': 1.0, 'SVM__n_iter': 389}",150,0.7990162514851883,0.8346927497789568,0.9238643246517262,0.9433674258322472,0.8803755299818291,0.9321146921734521,0.907066424389259,0.9047007886191433,0.753070842201277,0.762693445550248,0.02920442428153169,0.002993618717942524,0.06570080658144521,0.06790352915332441
3.9856279373168944,0.04880280494689941,0.8553531003198527,0.8715122529184928,1e-06,1.2,389,"{'SVM__alpha': 1e-06, 'SVM__gamma_frac': 1.2, 'SVM__n_iter': 389}",146,0.818887568721429,0.8505226095743337,0.927801332525742,0.9406569617177317,0.8566626287098728,0.911721045306943,0.9241873611952354,0.9177295721133669,0.7491182730313164,0.736931075880089,0.07855543171584277,0.006145360501267008,0.06721418067685873,0.07360222370905257
4.030630445480346,0.043802499771118164,0.8664313939130551,0.8796739611465494,1e-06,1.4000000000000001,389,"{'SVM__alpha': 1e-06, 'SVM__gamma_frac': 1.4000000000000001, 'SVM__n_iter': 389}",116,0.8573514308153937,0.8716290893015031,0.921209368059762,0.9359296648920893,0.9081162931556632,0.9399191499701783,0.9218453462547952,0.9269279197684949,0.7234265734265733,0.7239639818004813,0.029071298889283677,0.0017205288269899197,0.07524647576831826,0.08165468904686536
4.024230194091797,0.0456026554107666,0.8756699162490478,0.8861677769776761,1e-06,1.6,389,"{'SVM__alpha': 1e-06, 'SVM__gamma_frac': 1.6, 'SVM__n_iter': 389}",91,0.9135167247316591,0.9269183402804092,0.9091257823541289,0.9212507455433075,0.8897133050676359,0.9312752656343193,0.9402988088027459,0.9305551260244317,0.7254028580115535,0.7208394074059129,0.008390942435692505,0.004030093218681836,0.07677647685553994,0.08274033498413258
4.03603081703186,0.044802522659301756,0.8788333467653253,0.8902331829622806,1e-06,1.8,389,"{'SVM__alpha': 1e-06, 'SVM__gamma_frac': 1.8, 'SVM__n_iter': 389}",76,0.9180427734257003,0.9276367310850069,0.9231778719967697,0.9343767257946938,0.8884312537855845,0.9298217323112947,0.9269735513830002,0.9248602796615785,0.737260565521435,0.7344704459588293,0.05689408363981838,0.00256145874805674,0.07201046084987792,0.07794356559736589
4.048431491851806,0.05320310592651367,0.8810645542909875,0.8885255143962828,1e-06,2.0,389,"{'SVM__alpha': 1e-06, 'SVM__gamma_frac': 2.0, 'SVM__n_iter': 389}",70,0.9288468896630888,0.9279888215233042,0.9253280839895013,0.9339039961121296,0.9009287300625883,0.9345004307583555,0.9245003028467597,0.9216063973138352,0.7254028580115535,0.7246279262737898,0.04160717910853584,0.00767900840118213,0.07838385704057,0.0820816865734517
3.856020450592041,0.04600257873535156,0.8751526057834333,0.958646251146382,3.162277660168379e-07,0.2,389,"{'SVM__alpha': 3.162277660168379e-07, 'SVM__gamma_frac': 0.2, 'SVM__n_iter': 389}",94,0.8352951245544434,0.9126484148035873,0.9139713305067637,0.9759327575161808,0.8891177064405411,0.9799708409728513,0.8831213406016556,0.9769930857761384,0.8542870173304955,0.9476861566631526,0.05051782179218689,0.0031624254340739248,0.02753615988558023,0.025791829690705245
3.89942307472229,0.05560321807861328,0.8530723504849487,0.8912215946778822,3.162277660168379e-07,0.4,389,"{'SVM__alpha': 3.162277660168379e-07, 'SVM__gamma_frac': 0.4, 'SVM__n_iter': 389}",149,0.7439283484705077,0.7831612353164077,0.9124167171411267,0.9543241511851375,0.9075206945285686,0.9602398992688154,0.9129214617403596,0.9524288144204646,0.7886439647309212,0.8059538731985856,0.030421522831315325,0.004923684199380916,0.07231012939438167,0.079296164278705
3.963626575469971,0.0470026969909668,0.869699459528375,0.900338717744764,3.162277660168379e-07,0.6000000000000001,389,"{'SVM__alpha': 3.162277660168379e-07, 'SVM__gamma_frac': 0.6000000000000001, 'SVM__n_iter': 389}",108,0.7671476327607386,0.8044634962738411,0.910266505148395,0.9519627117895247,0.9093983444377145,0.9517926174644901,0.917131031697961,0.939417703063907,0.8446741664132968,0.8540570601320574,0.06066845085454015,0.005059871269549573,0.05767138155742998,0.06028890042877419
3.9710272789001464,0.046402597427368165,0.8928273763975788,0.9125377006049536,3.162277660168379e-07,0.8,389,"{'SVM__alpha': 3.162277660168379e-07, 'SVM__gamma_frac': 0.8, 'SVM__n_iter': 389}",48,0.9006283102080269,0.9223237968927626,0.9201090248334344,0.9408999536106385,0.9053200080759136,0.9462192670480903,0.9202503533212194,0.9303408513552321,0.8177004155265024,0.8229046341180447,0.055700114642393245,0.003611426507576347,0.03833697717604365,0.045575589472128517
3.9734272956848145,0.048602724075317384,0.8728658279679942,0.8923796579784856,3.162277660168379e-07,1.0,389,"{'SVM__alpha': 3.162277660168379e-07, 'SVM__gamma_frac': 1.0, 'SVM__n_iter': 389}",98,0.8386581952192038,0.8653909309081724,0.9199273167777106,0.9400428549338399,0.906511205330103,0.94387991782456,0.9223500908540279,0.9302061013055292,0.7767862572210397,0.7823784849203267,0.0293779697686598,0.0043175951290439045,0.05689361335607978,0.06194117594304938
4.015029525756836,0.049402809143066405,0.8571539242364387,0.8716829073250562,3.162277660168379e-07,1.2,389,"{'SVM__alpha': 3.162277660168379e-07, 'SVM__gamma_frac': 1.2, 'SVM__n_iter': 389}",144,0.8227238858569789,0.8495373878994569,0.9233595800524935,0.9331882745366585,0.8879668887542904,0.9321743356380747,0.9222188572582274,0.9183944862930484,0.729355427181514,0.7251200522580418,0.03683357609427352,0.0032621385033127968,0.07356688972025517,0.07949237601291127
4.0168297290802,0.04580259323120117,0.8659266297060326,0.8756964838810404,3.162277660168379e-07,1.4000000000000001,389,"{'SVM__alpha': 3.162277660168379e-07, 'SVM__gamma_frac': 1.4000000000000001, 'SVM__n_iter': 389}",119,0.8547938860583603,0.8698781103953518,0.9297698364627498,0.9358788574962997,0.8938724005653141,0.9295632772979302,0.9117807389460932,0.9098477987143518,0.7392368501064153,0.7333143755012687,0.03186146797140729,0.0019390986202799639,0.06798386330890965,0.07482831026893035
4.037431001663208,0.04840273857116699,0.8364342505821531,0.8439617750690015,3.162277660168379e-07,1.6,389,"{'SVM__alpha': 3.162277660168379e-07, 'SVM__gamma_frac': 1.6, 'SVM__n_iter': 389}",165,0.9054564311174658,0.9109100669445499,0.7733091055925703,0.7815016898981642,0.9015243286896831,0.9354370540546513,0.8623864324651727,0.8619187523470807,0.7392368501064152,0.7300413121005614,0.04299277988694259,0.004841812108236567,0.06796931932003274,0.07752597965329237
4.015229606628418,0.05300302505493164,0.8772639360370829,0.8881815617534908,3.162277660168379e-07,1.8,389,"{'SVM__alpha': 3.162277660168379e-07, 'SVM__gamma_frac': 1.8, 'SVM__n_iter': 389}",84,0.9296373119600458,0.9334785903751421,0.9291742378356553,0.9389317192780929,0.8884312537855845,0.9268660672866642,0.9212497476277003,0.9193156464688861,0.7174977196716327,0.7223157853586687,0.08006222584419419,0.005692457931836449,0.08122435378159659,0.08319215980991393
4.063232374191284,0.04780278205871582,0.8576786319718137,0.8694578606820345,3.162277660168379e-07,2.0,389,"{'SVM__alpha': 3.162277660168379e-07, 'SVM__gamma_frac': 2.0, 'SVM__n_iter': 389}",143,0.8524377227782589,0.8642336112163699,0.7592065414900061,0.7714241533941548,0.8930547143145569,0.929870330689876,0.9257823541288108,0.9208928847555722,0.8579203405290362,0.8608683233541996,0.017310033288565566,0.00552847872271411,0.055881848376229906,0.05658075455927605
3.8642210960388184,0.04580254554748535,0.8599895577942873,0.9372860975923466,1e-07,0.2,389,"{'SVM__alpha': 1e-07, 'SVM__gamma_frac': 0.2, 'SVM__n_iter': 389}",134,0.8156251887951346,0.8841227737779461,0.851292146174036,0.9239148202964501,0.9042701393095095,0.9780489960016789,0.8818392893196042,0.9787404183878594,0.8469696969696968,0.9216034794977982,0.055063128299258995,0.002713115014410561,0.030510105311563333,0.03641743858418615
3.9138237953186037,0.051002883911132814,0.8671496625168598,0.9097330331567506,1e-07,0.4,389,"{'SVM__alpha': 1e-07, 'SVM__gamma_frac': 0.4, 'SVM__n_iter': 389}",113,0.9007138973357232,0.9474722116963498,0.9117302644861699,0.9551127703284806,0.8892489400363418,0.9505268506041662,0.8570765192812437,0.9092844993262498,0.7767862572210397,0.7862688338285068,0.059871904247514984,0.007430139380884925,0.048699998202925456,0.06386127368431284
3.947625827789307,0.04620270729064942,0.8712860811668502,0.8995585675042097,1e-07,0.6000000000000001,389,"{'SVM__alpha': 1e-07, 'SVM__gamma_frac': 0.6000000000000001, 'SVM__n_iter': 389}",102,0.7645900880037054,0.8012583680687128,0.9138804764789018,0.9367558373279725,0.9153947102766001,0.9535399500762112,0.9133757318796688,0.9344650864830237,0.8493209688861861,0.8717735955651283,0.04039336400445554,0.004490179567719057,0.05901664407182532,0.05648190062074561
3.9896281719207765,0.04620270729064942,0.8775011493065891,0.9025979716302694,1e-07,0.8,389,"{'SVM__alpha': 1e-07, 'SVM__gamma_frac': 0.8, 'SVM__n_iter': 389}",82,0.8092464305133213,0.8448007452317797,0.9131536442560066,0.9352912589189067,0.9066020593579649,0.9454063487154566,0.9164445790430044,0.9360202345976276,0.8421100638491943,0.8514712706875767,0.04211931580689351,0.003310789866466281,0.04370601502034178,0.04466075407537586
3.9842278957366943,0.04900283813476562,0.8668231781366801,0.8880910716470536,1e-07,1.0,389,"{'SVM__alpha': 1e-07, 'SVM__gamma_frac': 1.0, 'SVM__n_iter': 389}",115,0.7926223895926052,0.8295645446507516,0.9238643246517262,0.9425788066889039,0.8632545931758531,0.9163025469968411,0.9248738138501919,0.9266208663765493,0.8295581230363839,0.8253885935222223,0.027042250517947595,0.007589858738276103,0.05203294691504786,0.05021215155426711
4.01422963142395,0.045602607727050784,0.8608745451899905,0.8786295010715875,1e-07,1.2,389,"{'SVM__alpha': 1e-07, 'SVM__gamma_frac': 1.2, 'SVM__n_iter': 389}",129,0.8444630162917615,0.8690649867374006,0.9258328285887342,0.9391791292054165,0.8534120734908136,0.9097506019571893,0.9215324046032708,0.9129514678919349,0.7589996959562176,0.762201319565996,0.03911232364035306,0.003200209147327476,0.060970105345335694,0.06238554187797302
4.020629978179931,0.047002744674682614,0.8754111450937482,0.8877395581823757,1e-07,1.4000000000000001,389,"{'SVM__alpha': 1e-07, 'SVM__gamma_frac': 1.4000000000000001, 'SVM__n_iter': 389}",93,0.9019070825865437,0.9221816976127322,0.9169997981021604,0.9261768539176919,0.8870482535836867,0.9242881442046433,0.925691500100949,0.9276436413439659,0.7451657038613559,0.738407453832845,0.049869071281952594,0.0034062184360895836,0.06638344795715988,0.07468855207411321
3.9970284938812255,0.049202775955200194,0.8464160076709382,0.8561427132400816,1e-07,1.6,389,"{'SVM__alpha': 1e-07, 'SVM__gamma_frac': 1.6, 'SVM__n_iter': 389}",160,0.8479116740842175,0.857722306429203,0.8992832626690896,0.9100687004351763,0.8870583484756714,0.9264971614128875,0.8702604482132041,0.8636174865802205,0.7273791425965338,0.7228079113429207,0.057062495397184214,0.008109815204594143,0.06191173853753297,0.07168583851884593
4.034430742263794,0.05000286102294922,0.8839877661927774,0.8898626069122739,1e-07,1.8,389,"{'SVM__alpha': 1e-07, 'SVM__gamma_frac': 1.8, 'SVM__n_iter': 389}",64,0.9211893590027589,0.929441391941392,0.9257419745608724,0.933391504119817,0.9173632142136079,0.9360511608385429,0.9358570563294973,0.9274492478296407,0.7194740042566128,0.7229797298319773,0.03955686728865823,0.008000433445323177,0.08240948614282172,0.08349524282057547
4.038631010055542,0.04480257034301758,0.8316515998930296,0.8417427283071579,1e-07,2.0,389,"{'SVM__alpha': 1e-07, 'SVM__gamma_frac': 2.0, 'SVM__n_iter': 389}",169,0.9268783857260809,0.9246889604648225,0.7540783363618011,0.7685413859373963,0.8930547143145569,0.9293777198524377,0.8624772864930346,0.8637897899224635,0.7214502888415931,0.7223157853586688,0.026756677640682427,0.0027130763471638233,0.07993230840865424,0.0832673685484539
3.819618511199951,0.04900274276733398,0.8729194254116196,0.9497147041230176,3.162277660168379e-08,0.2,389,"{'SVM__alpha': 3.162277660168379e-08, 'SVM__gamma_frac': 0.2, 'SVM__n_iter': 389}",97,0.8052943190285355,0.8740147783251231,0.9111851403189987,0.9781749099825486,0.8942459115687461,0.9784952174777442,0.8937411669695136,0.9790607258830545,0.8602158710854362,0.9388278889466172,0.049251586568677785,0.007668511448249783,0.0376670008320094,0.04086194261207089
3.9164239883422853,0.04640264511108398,0.8700729545977446,0.9121568934335444,3.162277660168379e-08,0.4,389,"{'SVM__alpha': 3.162277660168379e-08, 'SVM__gamma_frac': 0.4, 'SVM__n_iter': 389}",107,0.8873371327305315,0.9392572944297083,0.908298001211387,0.9586626609821287,0.9114577024025843,0.9610528176014491,0.8702604482132041,0.918003490247189,0.7728336880510793,0.783808203907247,0.05138538451168025,0.0029396223852819403,0.05081966921846243,0.06602362962922974
3.941425323486328,0.04760279655456543,0.8784322135446174,0.9060439726684496,3.162277660168379e-08,0.6000000000000001,389,"{'SVM__alpha': 3.162277660168379e-08, 'SVM__gamma_frac': 0.6000000000000001, 'SVM__n_iter': 389}",77,0.8073786173147794,0.8374526335733232,0.9089844538663436,0.9489319401798139,0.9120533010296791,0.9512491992312622,0.9302745810619829,0.951003998321147,0.8335106922063444,0.8415820920367016,0.04224183208440326,0.0044092097078951365,0.048626557782195004,0.054340408585115726
3.9536260604858398,0.049602842330932616,0.878868176515288,0.9065767999954615,3.162277660168379e-08,0.8,389,"{'SVM__alpha': 3.162277660168379e-08, 'SVM__gamma_frac': 0.8, 'SVM__n_iter': 389}",75,0.8213444227399963,0.8561671087533157,0.8992832626690896,0.92733658795202,0.9014738542297599,0.9423755771057457,0.9183222289521502,0.9363405420928228,0.8539677713590756,0.8706641840734034,0.01755777127926904,0.005499403303949714,0.03582625427824574,0.03585876332425604
4.001028919219971,0.04600257873535156,0.8607281159048018,0.879609013810648,3.162277660168379e-08,1.0,389,"{'SVM__alpha': 3.162277660168379e-08, 'SVM__gamma_frac': 1.0, 'SVM__n_iter': 389}",130,0.8067895764947539,0.8377257799671592,0.920704623460529,0.9430206101305526,0.9013830002018979,0.9453820495261658,0.9275287704421562,0.9254633413594293,0.7471419884463362,0.746453288069933,0.02550762855208573,0.004604581647363968,0.07142546701609037,0.07737492449721564
4.002428865432739,0.04800286293029785,0.8330868774473862,0.8480103517588068,3.162277660168379e-08,1.2,389,"{'SVM__alpha': 3.162277660168379e-08, 'SVM__gamma_frac': 1.2, 'SVM__n_iter': 389}",166,0.8464315202287693,0.870691234053303,0.8092065414900061,0.8149616735514368,0.8553805774278216,0.9156619320064503,0.922905309913184,0.9141089929090548,0.7313317117664943,0.7246279262737898,0.022392409867167836,0.004775147703173113,0.06269134270878962,0.07179920214513454
3.9826278686523438,0.049602937698364255,0.8590088435827575,0.8697471186965245,3.162277660168379e-08,1.4000000000000001,389,"{'SVM__alpha': 3.162277660168379e-08, 'SVM__gamma_frac': 1.4000000000000001, 'SVM__n_iter': 389}",139,0.859908975572427,0.8712848932676517,0.9231778719967697,0.9351410457487463,0.8851706036745408,0.9238198325564957,0.8952554007672118,0.8920652101879873,0.7313317117664943,0.7264246117217412,0.04487395165320825,0.007446287898194015,0.06692213905792581,0.07515587407978613
4.017029762268066,0.04980278015136719,0.8701427615497066,0.87944841068883,3.162277660168379e-08,1.6,389,"{'SVM__alpha': 3.162277660168379e-08, 'SVM__gamma_frac': 1.6, 'SVM__n_iter': 389}",106,0.9135167247316591,0.9270430718706582,0.9291742378356553,0.9396209326470653,0.8995558247526753,0.9349444432172127,0.8768524126791845,0.8693808124765292,0.7313317117664943,0.7262527932326845,0.033333066782320085,0.002925972500878046,0.07143902624388247,0.08066727656212601
4.069632625579834,0.044402694702148436,0.8807070607306661,0.8894081420065977,3.162277660168379e-08,1.8,389,"{'SVM__alpha': 3.162277660168379e-08, 'SVM__gamma_frac': 1.8, 'SVM__n_iter': 389}",72,0.9142064562901504,0.9259568018188707,0.9265192812436908,0.9392277275839978,0.898273773470624,0.9293534206631469,0.936866545527963,0.9290309041507433,0.7273791425965339,0.7234718558162294,0.0629753637156278,0.0018549337763347285,0.07766354854520956,0.08308818842977606
4.03363070487976,0.04680275917053223,0.8607232001123619,0.8715572339700712,3.162277660168379e-08,2.0,389,"{'SVM__alpha': 3.162277660168379e-08, 'SVM__gamma_frac': 2.0, 'SVM__n_iter': 389}",131,0.927568117284572,0.9279888215233042,0.9250555219059156,0.9309527491219154,0.878588734100545,0.9253639355850584,0.8644457904300423,0.8619916499149529,0.7076162967467314,0.7114890137051255,0.04087568687955056,0.005230945043217309,0.08043902969803193,0.08404861446772113
3.8222187042236326,0.051402854919433597,0.8682475419318291,0.9401211419038356,1e-08,0.2,389,"{'SVM__alpha': 1e-08, 'SVM__gamma_frac': 0.2, 'SVM__n_iter': 389}",112,0.8201512374891757,0.8854048250599975,0.9194225721784776,0.974576420950319,0.8779022814455887,0.9803905542424176,0.8847264284272159,0.9489650754379376,0.8390645586297759,0.9112688338285068,0.0562135016903089,0.006651678094959891,0.035073699573951664,0.03664242894473663
3.909023475646973,0.04580268859863281,0.848586429990626,0.8869275736757525,1e-08,0.4,389,"{'SVM__alpha': 1e-08, 'SVM__gamma_frac': 0.4, 'SVM__n_iter': 389}",158,0.7676359828422982,0.8039945686497411,0.910448213204119,0.9525503103669175,0.9026650514839492,0.9593739645231836,0.903169796083182,0.9545958603017518,0.7589996959562176,0.7641231645371683,0.10028417177556993,0.0037097081558340526,0.06972401626190786,0.08496190482690032
3.920224142074585,0.051603078842163086,0.8594514996593496,0.8816671732286988,1e-08,0.6000000000000001,389,"{'SVM__alpha': 1e-08, 'SVM__gamma_frac': 0.6000000000000001, 'SVM__n_iter': 389}",136,0.802263527800713,0.8347401162056335,0.9115485564304463,0.9501645717820141,0.9134262063395924,0.9520864167531865,0.9281243690692509,0.9411782897788774,0.7418009526705178,0.7301664716237826,0.01822182591706421,0.006651781329264268,0.07407973504774641,0.08757505093096968
3.994028425216675,0.04620275497436523,0.8506571653099135,0.8742699477431625,1e-08,0.8,389,"{'SVM__alpha': 1e-08, 'SVM__gamma_frac': 0.8, 'SVM__n_iter': 389}",152,0.769604486779306,0.8143757104964001,0.9201090248334344,0.9420331794384678,0.9040379567938622,0.9458989595528949,0.9202503533212196,0.9272128829883585,0.7392368501064153,0.741829006239691,0.0356526289988862,0.002481993078217608,0.07936148793477757,0.08204078002640498
3.9806277751922607,0.046202564239501955,0.8696251286022814,0.8886020862002223,1e-08,1.0,389,"{'SVM__alpha': 1e-08, 'SVM__gamma_frac': 1.0, 'SVM__n_iter': 389}",109,0.8424945123547536,0.8636636352153594,0.9188269735513831,0.9325962579248491,0.9001009489198467,0.9445448320042413,0.925600646073087,0.9345910004638935,0.7609759805411979,0.7676147053927677,0.01612047108390236,0.004118523237518247,0.06165448276163418,0.0669924336640382
4.015829610824585,0.04740276336669922,0.8601907686156591,0.8707604014014846,1e-08,1.2,389,"{'SVM__alpha': 1e-08, 'SVM__gamma_frac': 1.2, 'SVM__n_iter': 389}",132,0.8195773002799202,0.8398983200707338,0.927892186553604,0.940778457664185,0.8905309913183931,0.934540193068104,0.9235917625681405,0.9100201020565949,0.7392368501064153,0.7285649341478055,0.0682053741510341,0.007915054403143254,0.07180925491368265,0.07960368470734368
4.181039142608642,0.05120296478271484,0.8998016216346572,0.912933639990235,1e-08,1.4000000000000001,389,"{'SVM__alpha': 1e-08, 'SVM__gamma_frac': 1.4000000000000001, 'SVM__n_iter': 389}",31,0.9058440904605596,0.9223064292029809,0.9257419745608724,0.9349444432172125,0.8943771451645468,0.9344429963109412,0.9071572784171209,0.9030992511431664,0.8658254788689571,0.8698750800768738,0.144780470151504,0.005635886474000921,0.019726056018745844,0.02443657844896564
4.125235939025879,0.048402833938598636,0.8652969547506438,0.8757703935806361,1e-08,1.6,389,"{'SVM__alpha': 1e-08, 'SVM__gamma_frac': 1.6, 'SVM__n_iter': 389}",121,0.9147954971101756,0.928301439939371,0.9138400969109631,0.9317921756610483,0.8788512012921462,0.9120921601979279,0.8873813850191803,0.8795776359097838,0.7313317117664943,0.7270885561950496,0.10096712629048336,0.006406607351807606,0.06841141033556812,0.0766002682654788
4.055431890487671,0.048802947998046874,0.832826768977408,0.8430356943998764,1e-08,1.8,389,"{'SVM__alpha': 1e-08, 'SVM__gamma_frac': 1.8, 'SVM__n_iter': 389}",167,0.8370924542360595,0.8532351269420234,0.772027054310519,0.7829309240318981,0.9173632142136079,0.9373566900086151,0.9199676963456491,0.9193399456581766,0.7174977196716327,0.7223157853586687,0.0679845009470096,0.005600277016947124,0.07966795797382015,0.08125108892414941
4.042031145095825,0.046802711486816403,0.8777588753185849,0.8882985763341239,1e-08,2.0,389,"{'SVM__alpha': 1e-08, 'SVM__gamma_frac': 2.0, 'SVM__n_iter': 389}",81,0.9268783857260809,0.928309334343817,0.9253280839895013,0.9319821511409573,0.8864627498485765,0.9283438997989795,0.9244094488188977,0.9242925622390599,0.7254028580115536,0.7285649341478055,0.04136125857539251,0.005306858425923114,0.0775985151971284,0.07990387582996315
3.805617666244507,0.04580259323120117,0.8794987039984244,0.9587551250882866,3.1622776601683795e-09,0.2,389,"{'SVM__alpha': 3.1622776601683795e-09, 'SVM__gamma_frac': 0.2, 'SVM__n_iter': 389}",73,0.8220190506877179,0.8895714917266643,0.9106803957197659,0.975389339282953,0.8949323642237029,0.9814751816916656,0.9017060367454068,0.9784687092712453,0.8682274247491639,0.968870903468905,0.026189974470780947,0.0030596232531281296,0.03206102525192784,0.034843155863482154
3.9190242767333983,0.04320240020751953,0.8494254380056527,0.8921624139695841,3.1622776601683795e-09,0.4,389,"{'SVM__alpha': 3.1622776601683795e-09, 'SVM__gamma_frac': 0.4, 'SVM__n_iter': 389}",156,0.7713716092393822,0.8062381583933307,0.9103573591762568,0.9558527910932426,0.8671007470220069,0.9342839470719477,0.9057338986472847,0.9535620402482936,0.7925965339008817,0.8108751330411054,0.04980801675494322,0.0009798124835481911,0.057484133971735414,0.06868944829199211
3.9512259483337404,0.04860281944274902,0.8465972696960951,0.86904191889792,3.1622776601683795e-09,0.6000000000000001,389,"{'SVM__alpha': 3.1622776601683795e-09, 'SVM__gamma_frac': 0.6000000000000001, 'SVM__n_iter': 389}",159,0.76400104718368,0.802860932171277,0.8901271956390068,0.9290861295809493,0.9122350090854029,0.9542777618237647,0.9228144558853222,0.9327553071638428,0.743777237255498,0.7262294637497667,0.07594641621364276,0.007526468976549062,0.07668180891589561,0.0891124821219866
3.9916282653808595,0.046802711486816403,0.8506288074032629,0.8749993642664335,3.1622776601683795e-09,0.8,389,"{'SVM__alpha': 3.1622776601683795e-09, 'SVM__gamma_frac': 0.8, 'SVM__n_iter': 389}",153,0.7747195762933726,0.8174087406846028,0.914021804966687,0.9414477898782829,0.9014738542297598,0.9430161920961364,0.9216636381990714,0.9354039187965273,0.7412131346913955,0.7377201798766185,0.029898864842631243,0.0011661712993973252,0.0766475005642995,0.08348969605114748
3.9820276737213134,0.0470026969909668,0.8783230239007852,0.8964788674567241,3.1622776601683795e-09,1.0,389,"{'SVM__alpha': 3.1622776601683795e-09, 'SVM__gamma_frac': 1.0, 'SVM__n_iter': 389}",78,0.8201663410999456,0.852938297334849,0.9238643246517262,0.9414212816717841,0.8937815465374521,0.9374472597141532,0.9321522309711285,0.9322604873091961,0.8216529846964629,0.8183270112536383,0.03618165411629215,0.002756938583880875,0.04858912985411767,0.050954976113092514
3.987227964401245,0.0482027530670166,0.8490830189746146,0.8652480188453922,3.1622776601683795e-09,1.2,389,"{'SVM__alpha': 3.1622776601683795e-09, 'SVM__gamma_frac': 1.2, 'SVM__n_iter': 389}",157,0.8029532593592043,0.834520651762031,0.9258328285887342,0.9383176124942012,0.8899353926912984,0.9331109589343701,0.8972239047042198,0.8971393227153239,0.729355427181514,0.723151548321034,0.03720423500503277,0.0031876304278745595,0.07255438096228789,0.08012137971777822
4.018229866027832,0.043402481079101565,0.8585958827836218,0.8703728489449638,3.1622776601683795e-09,1.4000000000000001,389,"{'SVM__alpha': 3.1622776601683795e-09, 'SVM__gamma_frac': 1.4000000000000001, 'SVM__n_iter': 389}",141,0.8586302031939104,0.8693854995579133,0.9130627902281446,0.9207338355165785,0.8844841510195842,0.9251010625372772,0.9250050474459924,0.9239987629503634,0.7115688659166919,0.712645084162686,0.036487653148704106,0.0004899403160383116,0.07698103893263943,0.08159187168635415
4.044431352615357,0.04540257453918457,0.8393960977924687,0.8453444984636047,3.1622776601683795e-09,1.6,389,"{'SVM__alpha': 3.1622776601683795e-09, 'SVM__gamma_frac': 1.6, 'SVM__n_iter': 389}",164,0.9124091266085346,0.9134599595806493,0.7758732081566728,0.7834235348693365,0.9088027458106198,0.9391305308268351,0.8722289521502121,0.8654399257770219,0.7273791425965339,0.7252685412641806,0.034349433708325064,0.00332269287763352,0.07456263258534265,0.08011467198751294
4.038230943679809,0.04960289001464844,0.8594883210855018,0.8710399062013741,3.1622776601683795e-09,1.8,389,"{'SVM__alpha': 3.1622776601683795e-09, 'SVM__gamma_frac': 1.8, 'SVM__n_iter': 389}",135,0.8370924542360595,0.8490684602753569,0.9045931758530185,0.9248713247476196,0.9002422774076317,0.9313238640129007,0.9358570563294973,0.926464026154764,0.7194740042566129,0.7234718558162294,0.03937727754449638,0.005885946223040587,0.07694600471314073,0.07982842124867963
4.053031778335571,0.044402456283569335,0.8721336180703965,0.8833924430413298,3.1622776601683795e-09,2.0,389,"{'SVM__alpha': 3.1622776601683795e-09, 'SVM__gamma_frac': 2.0, 'SVM__n_iter': 389}",100,0.9217783998227844,0.9289250978906152,0.9230870179689078,0.9309527491219154,0.8739652735715729,0.9207338355165787,0.9338885523924894,0.9241975744991054,0.7076162967467314,0.712152958178434,0.027302950441264448,0.002059148148610677,0.08474152271611496,0.08569434624698408
3.8630209445953367,0.04740285873413086,0.8764186298673161,0.9566104599007472,1e-09,0.2,389,"{'SVM__alpha': 1e-09, 'SVM__gamma_frac': 0.2, 'SVM__n_iter': 389}",87,0.8309704573373341,0.9065586712138436,0.8987280436099334,0.9659016103735447,0.8983646274984859,0.9769157701738499,0.8865536038764384,0.9725308710154853,0.8675331914462349,0.9611453767270123,0.05273781199505398,0.003137078740210557,0.025415060943755022,0.025604052858237136
3.898022937774658,0.046802616119384764,0.8764853864120967,0.9176289106266647,1e-09,0.4,389,"{'SVM__alpha': 1e-09, 'SVM__gamma_frac': 0.4, 'SVM__n_iter': 389}",86,0.8968775802001732,0.9472227485158521,0.9122350090854029,0.959451280125472,0.8950635978195034,0.9492213214340939,0.9071976579850595,0.9523780070246749,0.770857403466099,0.7798711960332313,0.03920112592352995,0.005706360242077671,0.05314670675850834,0.0690038750833831
3.9576264381408692,0.04520258903503418,0.8586177412983805,0.8851809942282927,1e-09,0.6000000000000001,389,"{'SVM__alpha': 1e-09, 'SVM__gamma_frac': 0.6000000000000001, 'SVM__n_iter': 389}",140,0.8055108041162373,0.8348885310092208,0.905461336563699,0.9449711723254324,0.9095800524934383,0.9526033267799158,0.9121845346254794,0.9322715323952374,0.7602817472382689,0.7611704086316565,0.0406056870389332,0.002481916225976908,0.06346740797346652,0.07516130960155516
4.013029623031616,0.04540252685546875,0.8778418875287305,0.9009371668759792,1e-09,0.8,389,"{'SVM__alpha': 1e-09, 'SVM__gamma_frac': 0.8, 'SVM__n_iter': 389}",80,0.8335431057051372,0.8608027030440825,0.9180496668685646,0.9479489275221453,0.9021603068847164,0.9399854204864257,0.9157581263880478,0.9369811570832137,0.8196767001114826,0.818967626244029,0.034587554681210816,0.003929615984146894,0.04240060632822918,0.05169878481671335
4.024830150604248,0.04840278625488281,0.8505489441203308,0.8723604862356844,1e-09,1.0,389,"{'SVM__alpha': 1e-09, 'SVM__gamma_frac': 1.0, 'SVM__n_iter': 389}",154,0.8042320317377208,0.8362953138815207,0.8855037351100342,0.9183215887251761,0.8856854431657583,0.9346020455499349,0.9300928730062589,0.9277783913936689,0.7471419884463362,0.7448050916281206,0.06905639089858345,0.004363771805258811,0.06573983505282144,0.07297760507230303
4.022830057144165,0.04840273857116699,0.8600223896846818,0.8766036407921799,1e-09,1.2,389,"{'SVM__alpha': 1e-09, 'SVM__gamma_frac': 1.2, 'SVM__n_iter': 389}",133,0.8362013412006364,0.8604585070102311,0.9272057338986474,0.9410744659700897,0.8573490813648296,0.9112284344695046,0.9261558651322431,0.9139609887561024,0.7530708422012768,0.7562958077549724,0.030775851299996233,0.007228042360060745,0.06462751739047462,0.06555238381349854
4.145837020874024,0.05040283203125,0.8720247750244989,0.8838886738482963,1e-09,1.4000000000000001,389,"{'SVM__alpha': 1e-09, 'SVM__gamma_frac': 1.4000000000000001, 'SVM__n_iter': 389}",101,0.8573514308153937,0.8709880636604773,0.9110942862911366,0.9246747222160859,0.9081162931556632,0.9386136208001061,0.9244094488188977,0.9259183989043274,0.7589996959562176,0.7592485636604842,0.14284591847514932,0.008429052645907487,0.06089934622762525,0.06652278130005035
4.600663185119629,0.06620378494262695,0.8633760473456814,0.8750650824280299,1e-09,1.6,389,"{'SVM__alpha': 1e-09, 'SVM__gamma_frac': 1.6, 'SVM__n_iter': 389}",124,0.8511589503997422,0.86011431097638,0.927892186553604,0.9377233868651836,0.8995558247526753,0.9318164748503391,0.9185947910357362,0.922863328105326,0.7194740042566129,0.7228079113429208,0.10308175873173253,0.009847473965642728,0.07661011738616569,0.08103977746819989
4.458255004882813,0.05780320167541504,0.8456157341142514,0.8559954635001787,1e-09,1.8,389,"{'SVM__alpha': 1e-09, 'SVM__gamma_frac': 1.8, 'SVM__n_iter': 389}",161,0.9142064562901504,0.9254641909814325,0.7707450030284677,0.7829309240318981,0.9068342418736118,0.9333429057412358,0.9244094488188977,0.9213368972144294,0.7115688659166919,0.7169023995318972,0.07433590865646568,0.010362073684237067,0.0874236072287776,0.08917773404917684
4.418052673339844,0.05400319099426269,0.8755454629008513,0.8848782434804991,1e-09,2.0,389,"{'SVM__alpha': 1e-09, 'SVM__gamma_frac': 2.0, 'SVM__n_iter': 389}",92,0.927568117284572,0.929959264873058,0.9253280839895013,0.9332876803110297,0.8930547143145569,0.9285648015198038,0.9218453462547952,0.9220747089619827,0.7095925813317117,0.7105047617366215,0.06055232952320741,0.007772223440749247,0.08382925002756482,0.08726279344275503
