mean_fit_time,mean_score_time,mean_test_score,mean_train_score,param_Boost__base_estimator__alpha,param_Boost__n_estimators,params,rank_test_score,split0_test_score,split0_train_score,split1_test_score,split1_train_score,split2_test_score,split2_train_score,split3_test_score,split3_train_score,split4_test_score,split4_train_score,std_fit_time,std_score_time,std_test_score,std_train_score
0.07120003700256347,0.001999950408935547,0.8997232877994183,0.9800423601795465,-1,1,"{'Boost__base_estimator__alpha': -1, 'Boost__n_estimators': 1}",103,0.9027830920111968,0.9780456612353164,0.9045427013930952,0.9813028783494222,0.8940137290530992,0.9791601316574258,0.9043609933373714,0.9805142592060793,0.8929005776831863,0.9811888704494898,0.03807562207884635,1.1680077279964342e-07,0.005161165614884105,0.0012562813686469684
0.08680000305175781,0.0020000457763671873,0.8997232877994183,0.9800423601795465,-1,2,"{'Boost__base_estimator__alpha': -1, 'Boost__n_estimators': 2}",103,0.9027830920111968,0.9780456612353164,0.9045427013930952,0.9813028783494222,0.8940137290530992,0.9791601316574258,0.9043609933373714,0.9805142592060793,0.8929005776831863,0.9811888704494898,0.0011662857652630528,0.000632409699322999,0.005161165614884105,0.0012562813686469684
0.1514000415802002,0.0026000022888183595,0.8997232877994183,0.9800423601795465,-1,5,"{'Boost__base_estimator__alpha': -1, 'Boost__n_estimators': 5}",103,0.9027830920111968,0.9780456612353164,0.9045427013930952,0.9813028783494222,0.8940137290530992,0.9791601316574258,0.9043609933373714,0.9805142592060793,0.8929005776831863,0.9811888704494898,0.0218869507534627,0.0011999368797875561,0.005161165614884105,0.0012562813686469684
0.1558000087738037,0.0020000457763671873,0.8997232877994183,0.9800423601795465,-1,10,"{'Boost__base_estimator__alpha': -1, 'Boost__n_estimators': 10}",103,0.9027830920111968,0.9780456612353164,0.9045427013930952,0.9813028783494222,0.8940137290530992,0.9791601316574258,0.9043609933373714,0.9805142592060793,0.8929005776831863,0.9811888704494898,0.0322700398695899,0.0006324850894031313,0.005161165614884105,0.0012562813686469684
0.16520004272460936,0.001999950408935547,0.8997232877994183,0.9800423601795465,-1,20,"{'Boost__base_estimator__alpha': -1, 'Boost__n_estimators': 20}",103,0.9027830920111968,0.9780456612353164,0.9045427013930952,0.9813028783494222,0.8940137290530992,0.9791601316574258,0.9043609933373714,0.9805142592060793,0.8929005776831863,0.9811888704494898,0.007652504106646411,1.1680077279964343e-07,0.005161165614884105,0.0012562813686469684
0.1625999927520752,0.0020000457763671873,0.8997232877994183,0.9800423601795465,-1,30,"{'Boost__base_estimator__alpha': -1, 'Boost__n_estimators': 30}",103,0.9027830920111968,0.9780456612353164,0.9045427013930952,0.9813028783494222,0.8940137290530992,0.9791601316574258,0.9043609933373714,0.9805142592060793,0.8929005776831863,0.9811888704494898,0.032757392296351585,0.0006324097172997689,0.005161165614884105,0.0012562813686469684
0.17239999771118164,0.001600027084350586,0.8997232877994183,0.9800423601795465,-1,45,"{'Boost__base_estimator__alpha': -1, 'Boost__n_estimators': 45}",103,0.9027830920111968,0.9780456612353164,0.9045427013930952,0.9813028783494222,0.8940137290530992,0.9791601316574258,0.9043609933373714,0.9805142592060793,0.8929005776831863,0.9811888704494898,0.03516025918137439,0.0008000135475042733,0.005161165614884105,0.0012562813686469684
0.15619997978210448,0.0019999980926513673,0.8997232877994183,0.9800423601795465,-1,60,"{'Boost__base_estimator__alpha': -1, 'Boost__n_estimators': 60}",103,0.9027830920111968,0.9780456612353164,0.9045427013930952,0.9813028783494222,0.8940137290530992,0.9791601316574258,0.9043609933373714,0.9805142592060793,0.8929005776831863,0.9811888704494898,0.025553108319094783,1.9073486328124998e-07,0.005161165614884105,0.0012562813686469684
0.19080009460449218,0.0023999691009521486,0.8997232877994183,0.9800423601795465,-1,80,"{'Boost__base_estimator__alpha': -1, 'Boost__n_estimators': 80}",103,0.9027830920111968,0.9780456612353164,0.9045427013930952,0.9813028783494222,0.8940137290530992,0.9791601316574258,0.9043609933373714,0.9805142592060793,0.8929005776831863,0.9811888704494898,0.05484302061853586,0.0004899403160383116,0.005161165614884105,0.0012562813686469684
0.20680007934570313,0.0023999691009521486,0.8997232877994183,0.9800423601795465,-1,100,"{'Boost__base_estimator__alpha': -1, 'Boost__n_estimators': 100}",103,0.9027830920111968,0.9780456612353164,0.9045427013930952,0.9813028783494222,0.8940137290530992,0.9791601316574258,0.9043609933373714,0.9805142592060793,0.8929005776831863,0.9811888704494898,0.05400512403842566,0.0004899403160383116,0.005161165614884105,0.0012562813686469684
0.09539999961853027,0.0018000125885009766,0.907096054515642,0.9676598070081613,-0.001,1,"{'Boost__base_estimator__alpha': -0.001, 'Boost__n_estimators': 1}",82,0.8966761987232414,0.9618368700265252,0.9258328285887342,0.9730521990766307,0.9016151827175449,0.9704897391150678,0.9094891984655764,0.9661048399567035,0.9018749366575454,0.9668153868658795,0.002244916680073297,0.00040004254453151935,0.010225395108698014,0.003850297935217671
0.22239990234375,0.0015999794006347657,0.907096054515642,0.9676598070081613,-0.001,2,"{'Boost__base_estimator__alpha': -0.001, 'Boost__n_estimators': 2}",82,0.8966761987232414,0.9618368700265252,0.9258328285887342,0.9730521990766307,0.9016151827175449,0.9704897391150678,0.9094891984655764,0.9661048399567035,0.9018749366575454,0.9668153868658795,0.011603422889950614,0.0007999897074229016,0.010225395108698014,0.003850297935217671
0.5130000114440918,0.002200031280517578,0.9176020628070408,0.9815206438946651,-0.001,5,"{'Boost__base_estimator__alpha': -0.001, 'Boost__n_estimators': 5}",54,0.9292496526169522,0.9848948465327776,0.9258328285887342,0.9730521990766307,0.9016151827175449,0.9704897391150678,0.9171815061578842,0.9887671474960792,0.9141076314989358,0.9903992872527705,0.02056207634888276,0.00039999486081696955,0.00971155814032747,0.00819905828325936
0.6344001293182373,0.002199888229370117,0.9176020628070408,0.9815206438946651,-0.001,10,"{'Boost__base_estimator__alpha': -0.001, 'Boost__n_estimators': 10}",54,0.9292496526169522,0.9848948465327776,0.9258328285887342,0.9730521990766307,0.9016151827175449,0.9704897391150678,0.9171815061578842,0.9887671474960792,0.9141076314989358,0.9903992872527705,0.3479015349029584,0.0007483282192290589,0.00971155814032747,0.00819905828325936
0.5483999252319336,0.002200031280517578,0.9176020628070408,0.9815206438946651,-0.001,20,"{'Boost__base_estimator__alpha': -0.001, 'Boost__n_estimators': 20}",54,0.9292496526169522,0.9848948465327776,0.9258328285887342,0.9730521990766307,0.9016151827175449,0.9704897391150678,0.9171815061578842,0.9887671474960792,0.9141076314989358,0.9903992872527705,0.10410491575718794,0.00039999486081696955,0.00971155814032747,0.00819905828325936
0.6733999729156495,0.00279998779296875,0.9176020628070408,0.9815206438946651,-0.001,30,"{'Boost__base_estimator__alpha': -0.001, 'Boost__n_estimators': 30}",54,0.9292496526169522,0.9848948465327776,0.9258328285887342,0.9730521990766307,0.9016151827175449,0.9704897391150678,0.9171815061578842,0.9887671474960792,0.9141076314989358,0.9903992872527705,0.1827168264235841,0.0009797638197021738,0.00971155814032747,0.00819905828325936
0.5585999965667725,0.00279998779296875,0.9176020628070408,0.9815206438946651,-0.001,45,"{'Boost__base_estimator__alpha': -0.001, 'Boost__n_estimators': 45}",54,0.9292496526169522,0.9848948465327776,0.9258328285887342,0.9730521990766307,0.9016151827175449,0.9704897391150678,0.9171815061578842,0.9887671474960792,0.9141076314989358,0.9903992872527705,0.1916793973893741,0.0007483919474121718,0.00971155814032747,0.00819905828325936
0.6187999248504639,0.0021999835968017577,0.9176020628070408,0.9815206438946651,-0.001,60,"{'Boost__base_estimator__alpha': -0.001, 'Boost__n_estimators': 60}",54,0.9292496526169522,0.9848948465327776,0.9258328285887342,0.9730521990766307,0.9016151827175449,0.9704897391150678,0.9171815061578842,0.9887671474960792,0.9141076314989358,0.9903992872527705,0.1274196230121169,0.000400018706226792,0.00971155814032747,0.00819905828325936
0.6446000099182129,0.0021999835968017577,0.9176020628070408,0.9815206438946651,-0.001,80,"{'Boost__base_estimator__alpha': -0.001, 'Boost__n_estimators': 80}",54,0.9292496526169522,0.9848948465327776,0.9258328285887342,0.9730521990766307,0.9016151827175449,0.9704897391150678,0.9171815061578842,0.9887671474960792,0.9141076314989358,0.9903992872527705,0.09509288011662732,0.000400018706226792,0.00971155814032747,0.00819905828325936
0.6124000072479248,0.0023999691009521486,0.9176020628070408,0.9815206438946651,-0.001,100,"{'Boost__base_estimator__alpha': -0.001, 'Boost__n_estimators': 100}",54,0.9292496526169522,0.9848948465327776,0.9258328285887342,0.9730521990766307,0.9016151827175449,0.9704897391150678,0.9171815061578842,0.9887671474960792,0.9141076314989358,0.9903992872527705,0.11827532788131498,0.0004899403160383115,0.00971155814032747,0.00819905828325936
0.11380009651184082,0.0019999980926513673,0.907096054515642,0.9676598070081613,-0.00031622776601683794,1,"{'Boost__base_estimator__alpha': -0.00031622776601683794, 'Boost__n_estimators': 1}",82,0.8966761987232414,0.9618368700265252,0.9258328285887342,0.9730521990766307,0.9016151827175449,0.9704897391150678,0.9094891984655764,0.9661048399567035,0.9018749366575454,0.9668153868658795,0.00570603266511158,1.1680077279964342e-07,0.010225395108698014,0.003850297935217671
0.25280003547668456,0.0018000125885009766,0.907096054515642,0.9676598070081613,-0.00031622776601683794,2,"{'Boost__base_estimator__alpha': -0.00031622776601683794, 'Boost__n_estimators': 2}",82,0.8966761987232414,0.9618368700265252,0.9258328285887342,0.9730521990766307,0.9016151827175449,0.9704897391150678,0.9094891984655764,0.9661048399567035,0.9018749366575454,0.9668153868658795,0.023344461393560476,0.0004000425445315194,0.010225395108698014,0.003850297935217671
0.527400016784668,0.002200031280517578,0.9176020628070408,0.9815206438946651,-0.00031622776601683794,5,"{'Boost__base_estimator__alpha': -0.00031622776601683794, 'Boost__n_estimators': 5}",54,0.9292496526169522,0.9848948465327776,0.9258328285887342,0.9730521990766307,0.9016151827175449,0.9704897391150678,0.9171815061578842,0.9887671474960792,0.9141076314989358,0.9903992872527705,0.03208491631675135,0.0004001141020686509,0.00971155814032747,0.00819905828325936
0.6277999401092529,0.002200031280517578,0.9176020628070408,0.9815206438946651,-0.00031622776601683794,10,"{'Boost__base_estimator__alpha': -0.00031622776601683794, 'Boost__n_estimators': 10}",54,0.9292496526169522,0.9848948465327776,0.9258328285887342,0.9730521990766307,0.9016151827175449,0.9704897391150678,0.9171815061578842,0.9887671474960792,0.9141076314989358,0.9903992872527705,0.12959374196937842,0.00039987566929968805,0.00971155814032747,0.00819905828325936
0.640399980545044,0.002399921417236328,0.9176020628070408,0.9815206438946651,-0.00031622776601683794,20,"{'Boost__base_estimator__alpha': -0.00031622776601683794, 'Boost__n_estimators': 20}",54,0.9292496526169522,0.9848948465327776,0.9258328285887342,0.9730521990766307,0.9016151827175449,0.9704897391150678,0.9171815061578842,0.9887671474960792,0.9141076314989358,0.9903992872527705,0.15897496801629332,0.0004899792418945042,0.00971155814032747,0.00819905828325936
0.6248000621795654,0.0023999691009521486,0.9176020628070408,0.9815206438946651,-0.00031622776601683794,30,"{'Boost__base_estimator__alpha': -0.00031622776601683794, 'Boost__n_estimators': 30}",54,0.9292496526169522,0.9848948465327776,0.9258328285887342,0.9730521990766307,0.9016151827175449,0.9704897391150678,0.9171815061578842,0.9887671474960792,0.9141076314989358,0.9903992872527705,0.1518148968933126,0.0004898430110735554,0.00971155814032747,0.00819905828325936
0.7923999786376953,0.0028000354766845705,0.9176020628070408,0.9815206438946651,-0.00031622776601683794,45,"{'Boost__base_estimator__alpha': -0.00031622776601683794, 'Boost__n_estimators': 45}",54,0.9292496526169522,0.9848948465327776,0.9258328285887342,0.9730521990766307,0.9016151827175449,0.9704897391150678,0.9171815061578842,0.9887671474960792,0.9141076314989358,0.9903992872527705,0.15204552805640337,0.00039997103672454983,0.00971155814032747,0.00819905828325936
0.6273999214172363,0.0026000499725341796,0.9176020628070408,0.9815206438946651,-0.00031622776601683794,60,"{'Boost__base_estimator__alpha': -0.00031622776601683794, 'Boost__n_estimators': 60}",54,0.9292496526169522,0.9848948465327776,0.9258328285887342,0.9730521990766307,0.9016151827175449,0.9704897391150678,0.9171815061578842,0.9887671474960792,0.9141076314989358,0.9903992872527705,0.11187431018206004,0.0008000016332367221,0.00971155814032747,0.00819905828325936
0.5854000568389892,0.003000020980834961,0.9176020628070408,0.9815206438946651,-0.00031622776601683794,80,"{'Boost__base_estimator__alpha': -0.00031622776601683794, 'Boost__n_estimators': 80}",54,0.9292496526169522,0.9848948465327776,0.9258328285887342,0.9730521990766307,0.9016151827175449,0.9704897391150678,0.9171815061578842,0.9887671474960792,0.9141076314989358,0.9903992872527705,0.12921392350419533,0.0015490810541147143,0.00971155814032747,0.00819905828325936
0.6128000259399414,0.0021999359130859377,0.9176020628070408,0.9815206438946651,-0.00031622776601683794,100,"{'Boost__base_estimator__alpha': -0.00031622776601683794, 'Boost__n_estimators': 100}",54,0.9292496526169522,0.9848948465327776,0.9258328285887342,0.9730521990766307,0.9016151827175449,0.9704897391150678,0.9171815061578842,0.9887671474960792,0.9141076314989358,0.9903992872527705,0.11980559155978754,0.00039992333879854,0.00971155814032747,0.00819905828325936
0.10940003395080566,0.0020000457763671873,0.901218220000103,0.9777293579127327,-0.01,1,"{'Boost__base_estimator__alpha': -0.01, 'Boost__n_estimators': 1}",93,0.9052399460297642,0.9742295061260577,0.9045427013930952,0.9813028783494222,0.8940137290530992,0.9791601316574258,0.9043609933373714,0.9805142592060793,0.8979223674875847,0.9734400142246793,0.0031999498610932402,0.000632409699322999,0.004469430892449447,0.0032625226079388138
0.2092000961303711,0.0017999172210693359,0.901218220000103,0.9777293579127327,-0.01,2,"{'Boost__base_estimator__alpha': -0.01, 'Boost__n_estimators': 2}",93,0.9052399460297642,0.9742295061260577,0.9045427013930952,0.9813028783494222,0.8940137290530992,0.9791601316574258,0.9043609933373714,0.9805142592060793,0.8979223674875847,0.9734400142246793,0.011231970511914744,0.00039999486081696955,0.004469430892449447,0.0032625226079388138
0.4455999851226807,0.002000093460083008,0.901218220000103,0.9777293579127327,-0.01,5,"{'Boost__base_estimator__alpha': -0.01, 'Boost__n_estimators': 5}",93,0.9052399460297642,0.9742295061260577,0.9045427013930952,0.9813028783494222,0.8940137290530992,0.9791601316574258,0.9043609933373714,0.9805142592060793,0.8979223674875847,0.9734400142246793,0.06905254678093488,0.000632334329020743,0.004469430892449447,0.0032625226079388138
0.4160000801086426,0.0021999835968017577,0.901218220000103,0.9777293579127327,-0.01,10,"{'Boost__base_estimator__alpha': -0.01, 'Boost__n_estimators': 10}",93,0.9052399460297642,0.9742295061260577,0.9045427013930952,0.9813028783494222,0.8940137290530992,0.9791601316574258,0.9043609933373714,0.9805142592060793,0.8979223674875847,0.9734400142246793,0.07506525287906946,0.0004001379119606201,0.004469430892449447,0.0032625226079388138
0.44920010566711427,0.0019998550415039062,0.901218220000103,0.9777293579127327,-0.01,20,"{'Boost__base_estimator__alpha': -0.01, 'Boost__n_estimators': 20}",93,0.9052399460297642,0.9742295061260577,0.9045427013930952,0.9813028783494222,0.8940137290530992,0.9791601316574258,0.9043609933373714,0.9805142592060793,0.8979223674875847,0.9734400142246793,0.07012966666680957,0.0006324096921322909,0.004469430892449447,0.0032625226079388138
0.4181999206542969,0.002400064468383789,0.901218220000103,0.9777293579127327,-0.01,30,"{'Boost__base_estimator__alpha': -0.01, 'Boost__n_estimators': 30}",93,0.9052399460297642,0.9742295061260577,0.9045427013930952,0.9813028783494222,0.8940137290530992,0.9791601316574258,0.9043609933373714,0.9805142592060793,0.8979223674875847,0.9734400142246793,0.07521280964666759,0.0004898624875375237,0.004469430892449447,0.0032625226079388138
0.4737999439239502,0.0020000457763671873,0.901218220000103,0.9777293579127327,-0.01,45,"{'Boost__base_estimator__alpha': -0.01, 'Boost__n_estimators': 45}",93,0.9052399460297642,0.9742295061260577,0.9045427013930952,0.9813028783494222,0.8940137290530992,0.9791601316574258,0.9043609933373714,0.9805142592060793,0.8979223674875847,0.9734400142246793,0.12510377035403114,0.0006323343002544818,0.004469430892449447,0.0032625226079388138
0.3977998733520508,0.0021999835968017577,0.901218220000103,0.9777293579127327,-0.01,60,"{'Boost__base_estimator__alpha': -0.01, 'Boost__n_estimators': 60}",93,0.9052399460297642,0.9742295061260577,0.9045427013930952,0.9813028783494222,0.8940137290530992,0.9791601316574258,0.9043609933373714,0.9805142592060793,0.8979223674875847,0.9734400142246793,0.04851142454428428,0.00039989949338787065,0.004469430892449447,0.0032625226079388138
0.42839994430541994,0.002400064468383789,0.901218220000103,0.9777293579127327,-0.01,80,"{'Boost__base_estimator__alpha': -0.01, 'Boost__n_estimators': 80}",93,0.9052399460297642,0.9742295061260577,0.9045427013930952,0.9813028783494222,0.8940137290530992,0.9791601316574258,0.9043609933373714,0.9805142592060793,0.8979223674875847,0.9734400142246793,0.14109934191589896,0.0010198702739371373,0.004469430892449447,0.0032625226079388138
0.38600006103515627,0.0019999980926513673,0.901218220000103,0.9777293579127327,-0.01,100,"{'Boost__base_estimator__alpha': -0.01, 'Boost__n_estimators': 100}",93,0.9052399460297642,0.9742295061260577,0.9045427013930952,0.9813028783494222,0.8940137290530992,0.9791601316574258,0.9043609933373714,0.9805142592060793,0.8979223674875847,0.9734400142246793,0.08065976919954913,1.1680077279964343e-07,0.004469430892449447,0.0032625226079388138
0.11160001754760743,0.0020000457763671873,0.9073454733099199,0.9726350639192486,-0.0031622776601683794,1,"{'Boost__base_estimator__alpha': -0.0031622776601683794, 'Boost__n_estimators': 1}",72,0.9046509052097389,0.9723064292029808,0.9168584696143752,0.9692571075128674,0.8972642842721583,0.9742075150765424,0.9167676155865134,0.9765733725065717,0.9011807033546162,0.9708308952972806,0.017973286965699675,9.5367431640625e-08,0.008076157296402684,0.002559550423324355
0.2286001205444336,0.0021999835968017577,0.9073454733099199,0.9726350639192486,-0.0031622776601683794,2,"{'Boost__base_estimator__alpha': -0.0031622776601683794, 'Boost__n_estimators': 2}",72,0.9046509052097389,0.9723064292029808,0.9168584696143752,0.9692571075128674,0.8972642842721583,0.9742075150765424,0.9167676155865134,0.9765733725065717,0.9011807033546162,0.9708308952972806,0.017545364550505968,0.00039989949338787065,0.008076157296402684,0.002559550423324355
0.5748000144958496,0.0027999401092529295,0.9073454733099199,0.9726350639192486,-0.0031622776601683794,5,"{'Boost__base_estimator__alpha': -0.0031622776601683794, 'Boost__n_estimators': 5}",72,0.9046509052097389,0.9723064292029808,0.9168584696143752,0.9692571075128674,0.8972642842721583,0.9742075150765424,0.9167676155865134,0.9765733725065717,0.9011807033546162,0.9708308952972806,0.11361225108794554,0.00040004254453151935,0.008076157296402684,0.002559550423324355
0.6451998710632324,0.002000093460083008,0.9073454733099199,0.9726350639192486,-0.0031622776601683794,10,"{'Boost__base_estimator__alpha': -0.0031622776601683794, 'Boost__n_estimators': 10}",72,0.9046509052097389,0.9723064292029808,0.9168584696143752,0.9692571075128674,0.8972642842721583,0.9742075150765424,0.9167676155865134,0.9765733725065717,0.9011807033546162,0.9708308952972806,0.18853261925816567,0.0006324851001879076,0.008076157296402684,0.002559550423324355
0.5375999927520752,0.0019999027252197267,0.9073454733099199,0.9726350639192486,-0.0031622776601683794,20,"{'Boost__base_estimator__alpha': -0.0031622776601683794, 'Boost__n_estimators': 20}",72,0.9046509052097389,0.9723064292029808,0.9168584696143752,0.9692571075128674,0.8972642842721583,0.9742075150765424,0.9167676155865134,0.9765733725065717,0.9011807033546162,0.9708308952972806,0.129604951676849,9.536743164062499e-08,0.008076157296402684,0.002559550423324355
0.5690000057220459,0.002399921417236328,0.9073454733099199,0.9726350639192486,-0.0031622776601683794,30,"{'Boost__base_estimator__alpha': -0.0031622776601683794, 'Boost__n_estimators': 30}",72,0.9046509052097389,0.9723064292029808,0.9168584696143752,0.9692571075128674,0.8972642842721583,0.9742075150765424,0.9167676155865134,0.9765733725065717,0.9011807033546162,0.9708308952972806,0.15146346852472634,0.0004898819214545809,0.008076157296402684,0.002559550423324355
0.582200002670288,0.0021999359130859377,0.9073454733099199,0.9726350639192486,-0.0031622776601683794,45,"{'Boost__base_estimator__alpha': -0.0031622776601683794, 'Boost__n_estimators': 45}",72,0.9046509052097389,0.9723064292029808,0.9168584696143752,0.9692571075128674,0.8972642842721583,0.9742075150765424,0.9167676155865134,0.9765733725065717,0.9011807033546162,0.9708308952972806,0.1585791942832743,0.00039992333879854,0.008076157296402684,0.002559550423324355
0.5467999458312989,0.0024000167846679687,0.9073454733099199,0.9726350639192486,-0.0031622776601683794,60,"{'Boost__base_estimator__alpha': -0.0031622776601683794, 'Boost__n_estimators': 60}",72,0.9046509052097389,0.9723064292029808,0.9168584696143752,0.9692571075128674,0.8972642842721583,0.9742075150765424,0.9167676155865134,0.9765733725065717,0.9011807033546162,0.9708308952972806,0.12974961377802902,0.0004898040465379741,0.008076157296402684,0.002559550423324355
0.5618000984191894,0.002199888229370117,0.9073454733099199,0.9726350639192486,-0.0031622776601683794,80,"{'Boost__base_estimator__alpha': -0.0031622776601683794, 'Boost__n_estimators': 80}",72,0.9046509052097389,0.9723064292029808,0.9168584696143752,0.9692571075128674,0.8972642842721583,0.9742075150765424,0.9167676155865134,0.9765733725065717,0.9011807033546162,0.9708308952972806,0.126275002799326,0.0003999471771024199,0.008076157296402684,0.002559550423324355
0.6679998874664307,0.0023999691009521486,0.9073454733099199,0.9726350639192486,-0.0031622776601683794,100,"{'Boost__base_estimator__alpha': -0.0031622776601683794, 'Boost__n_estimators': 100}",72,0.9046509052097389,0.9723064292029808,0.9168584696143752,0.9692571075128674,0.8972642842721583,0.9742075150765424,0.9167676155865134,0.9765733725065717,0.9011807033546162,0.9708308952972806,0.22474432711292952,0.0004898429878647236,0.008076157296402684,0.002559550423324355
0.10460014343261718,0.0013998985290527345,0.8997232877994183,0.9800423601795465,-0.1,1,"{'Boost__base_estimator__alpha': -0.1, 'Boost__n_estimators': 1}",103,0.9027830920111968,0.9780456612353164,0.9045427013930952,0.9813028783494222,0.8940137290530992,0.9791601316574258,0.9043609933373714,0.9805142592060793,0.8929005776831863,0.9811888704494898,0.014178787613866787,0.0004898624411217045,0.005161165614884105,0.0012562813686469684
0.18719992637634278,0.0020001411437988283,0.8997232877994183,0.9800423601795465,-0.1,2,"{'Boost__base_estimator__alpha': -0.1, 'Boost__n_estimators': 2}",103,0.9027830920111968,0.9780456612353164,0.9045427013930952,0.9813028783494222,0.8940137290530992,0.9791601316574258,0.9043609933373714,0.9805142592060793,0.8929005776831863,0.9811888704494898,0.006431274415660518,1.784161275279017e-07,0.005161165614884105,0.0012562813686469684
0.3558000087738037,0.0019999027252197267,0.8997232877994183,0.9800423601795465,-0.1,5,"{'Boost__base_estimator__alpha': -0.1, 'Boost__n_estimators': 5}",103,0.9027830920111968,0.9780456612353164,0.9045427013930952,0.9813028783494222,0.8940137290530992,0.9791601316574258,0.9043609933373714,0.9805142592060793,0.8929005776831863,0.9811888704494898,0.03601879419605279,9.5367431640625e-08,0.005161165614884105,0.0012562813686469684
0.33720006942749026,0.0018000125885009766,0.8997232877994183,0.9800423601795465,-0.1,10,"{'Boost__base_estimator__alpha': -0.1, 'Boost__n_estimators': 10}",103,0.9027830920111968,0.9780456612353164,0.9045427013930952,0.9813028783494222,0.8940137290530992,0.9791601316574258,0.9043609933373714,0.9805142592060793,0.8929005776831863,0.9811888704494898,0.06372264856849869,0.00040004254453151935,0.005161165614884105,0.0012562813686469684
0.30320014953613283,0.001199960708618164,0.8997232877994183,0.9800423601795465,-0.1,20,"{'Boost__base_estimator__alpha': -0.1, 'Boost__n_estimators': 20}",103,0.9027830920111968,0.9780456612353164,0.9045427013930952,0.9813028783494222,0.8940137290530992,0.9791601316574258,0.9043609933373714,0.9805142592060793,0.8929005776831863,0.9811888704494898,0.04376475943677897,0.0004000663757324219,0.005161165614884105,0.0012562813686469684
0.3116001605987549,0.0017998695373535156,0.8997232877994183,0.9800423601795465,-0.1,30,"{'Boost__base_estimator__alpha': -0.1, 'Boost__n_estimators': 30}",103,0.9027830920111968,0.9780456612353164,0.9045427013930952,0.9813028783494222,0.8940137290530992,0.9791601316574258,0.9043609933373714,0.9805142592060793,0.8929005776831863,0.9811888704494898,0.036423076560677024,0.00039997100830078123,0.005161165614884105,0.0012562813686469684
0.3242001533508301,0.001599884033203125,0.8997232877994183,0.9800423601795465,-0.1,45,"{'Boost__base_estimator__alpha': -0.1, 'Boost__n_estimators': 45}",103,0.9027830920111968,0.9780456612353164,0.9045427013930952,0.9813028783494222,0.8940137290530992,0.9791601316574258,0.9043609933373714,0.9805142592060793,0.8929005776831863,0.9811888704494898,0.045775047039824546,0.0004898624411217045,0.005161165614884105,0.0012562813686469684
0.3014000415802002,0.0020000457763671873,0.8997232877994183,0.9800423601795465,-0.1,60,"{'Boost__base_estimator__alpha': -0.1, 'Boost__n_estimators': 60}",103,0.9027830920111968,0.9780456612353164,0.9045427013930952,0.9813028783494222,0.8940137290530992,0.9791601316574258,0.9043609933373714,0.9805142592060793,0.8929005776831863,0.9811888704494898,0.0405196823067647,9.536743164062499e-08,0.005161165614884105,0.0012562813686469684
0.3154001235961914,0.0019999027252197267,0.8997232877994183,0.9800423601795465,-0.1,80,"{'Boost__base_estimator__alpha': -0.1, 'Boost__n_estimators': 80}",103,0.9027830920111968,0.9780456612353164,0.9045427013930952,0.9813028783494222,0.8940137290530992,0.9791601316574258,0.9043609933373714,0.9805142592060793,0.8929005776831863,0.9811888704494898,0.0437657844034043,9.536743164062499e-08,0.005161165614884105,0.0012562813686469684
0.32199993133544924,0.0018001556396484374,0.8997232877994183,0.9800423601795465,-0.1,100,"{'Boost__base_estimator__alpha': -0.1, 'Boost__n_estimators': 100}",103,0.9027830920111968,0.9780456612353164,0.9045427013930952,0.9813028783494222,0.8940137290530992,0.9791601316574258,0.9043609933373714,0.9805142592060793,0.8929005776831863,0.9811888704494898,0.016745147959441098,0.00039987566929968805,0.005161165614884105,0.0012562813686469684
0.0886000156402588,0.0013998985290527345,0.8997232877994183,0.9800423601795465,-0.0316227766016838,1,"{'Boost__base_estimator__alpha': -0.0316227766016838, 'Boost__n_estimators': 1}",103,0.9027830920111968,0.9780456612353164,0.9045427013930952,0.9813028783494222,0.8940137290530992,0.9791601316574258,0.9043609933373714,0.9805142592060793,0.8929005776831863,0.9811888704494898,0.0017435699491206256,0.0004898624411217045,0.005161165614884105,0.0012562813686469684
0.17139997482299804,0.0015999794006347657,0.8997232877994183,0.9800423601795465,-0.0316227766016838,2,"{'Boost__base_estimator__alpha': -0.0316227766016838, 'Boost__n_estimators': 2}",103,0.9027830920111968,0.9780456612353164,0.9045427013930952,0.9813028783494222,0.8940137290530992,0.9791601316574258,0.9043609933373714,0.9805142592060793,0.8929005776831863,0.9811888704494898,0.003261898762073993,0.0004899403160383116,0.005161165614884105,0.0012562813686469684
0.3233999252319336,0.0015999317169189454,0.8997232877994183,0.9800423601795465,-0.0316227766016838,5,"{'Boost__base_estimator__alpha': -0.0316227766016838, 'Boost__n_estimators': 5}",103,0.9027830920111968,0.9780456612353164,0.9045427013930952,0.9813028783494222,0.8940137290530992,0.9791601316574258,0.9043609933373714,0.9805142592060793,0.8929005776831863,0.9811888704494898,0.06267571044820444,0.0004899013824479931,0.005161165614884105,0.0012562813686469684
0.3177999973297119,0.0019999980926513673,0.8997232877994183,0.9800423601795465,-0.0316227766016838,10,"{'Boost__base_estimator__alpha': -0.0316227766016838, 'Boost__n_estimators': 10}",103,0.9027830920111968,0.9780456612353164,0.9045427013930952,0.9813028783494222,0.8940137290530992,0.9791601316574258,0.9043609933373714,0.9805142592060793,0.8929005776831863,0.9811888704494898,0.028715068551328292,1.1680077279964343e-07,0.005161165614884105,0.0012562813686469684
0.302000093460083,0.0013999462127685547,0.8997232877994183,0.9800423601795465,-0.0316227766016838,20,"{'Boost__base_estimator__alpha': -0.0316227766016838, 'Boost__n_estimators': 20}",103,0.9027830920111968,0.9780456612353164,0.9045427013930952,0.9813028783494222,0.8940137290530992,0.9791601316574258,0.9043609933373714,0.9805142592060793,0.8929005776831863,0.9811888704494898,0.040094878473334095,0.0004899208473093904,0.005161165614884105,0.0012562813686469684
0.33099980354309083,0.002200031280517578,0.8997232877994183,0.9800423601795465,-0.0316227766016838,30,"{'Boost__base_estimator__alpha': -0.0316227766016838, 'Boost__n_estimators': 30}",103,0.9027830920111968,0.9780456612353164,0.9045427013930952,0.9813028783494222,0.8940137290530992,0.9791601316574258,0.9043609933373714,0.9805142592060793,0.8929005776831863,0.9811888704494898,0.07628631233945458,0.00039999486081696955,0.005161165614884105,0.0012562813686469684
0.3065999984741211,0.0013999462127685547,0.8997232877994183,0.9800423601795465,-0.0316227766016838,45,"{'Boost__base_estimator__alpha': -0.0316227766016838, 'Boost__n_estimators': 45}",103,0.9027830920111968,0.9780456612353164,0.9045427013930952,0.9813028783494222,0.8940137290530992,0.9791601316574258,0.9043609933373714,0.9805142592060793,0.8929005776831863,0.9811888704494898,0.036224800424316236,0.0004899208473093904,0.005161165614884105,0.0012562813686469684
0.3237999439239502,0.0018000602722167969,0.8997232877994183,0.9800423601795465,-0.0316227766016838,60,"{'Boost__base_estimator__alpha': -0.0316227766016838, 'Boost__n_estimators': 60}",103,0.9027830920111968,0.9780456612353164,0.9045427013930952,0.9813028783494222,0.8940137290530992,0.9791601316574258,0.9043609933373714,0.9805142592060793,0.8929005776831863,0.9811888704494898,0.0440426532417167,0.0004000664041494148,0.005161165614884105,0.0012562813686469684
0.3492000102996826,0.0016000747680664062,0.8997232877994183,0.9800423601795465,-0.0316227766016838,80,"{'Boost__base_estimator__alpha': -0.0316227766016838, 'Boost__n_estimators': 80}",103,0.9027830920111968,0.9780456612353164,0.9045427013930952,0.9813028783494222,0.8940137290530992,0.9791601316574258,0.9043609933373714,0.9805142592060793,0.8929005776831863,0.9811888704494898,0.08688710622981441,0.0004898235616868641,0.005161165614884105,0.0012562813686469684
0.30279994010925293,0.0018000125885009766,0.8997232877994183,0.9800423601795465,-0.0316227766016838,100,"{'Boost__base_estimator__alpha': -0.0316227766016838, 'Boost__n_estimators': 100}",103,0.9027830920111968,0.9780456612353164,0.9045427013930952,0.9813028783494222,0.8940137290530992,0.9791601316574258,0.9043609933373714,0.9805142592060793,0.8929005776831863,0.9811888704494898,0.03675549123676394,0.00040004257295020516,0.005161165614884105,0.0012562813686469684
0.08819994926452637,0.0012000560760498046,0.9039362732889457,0.9451262319312773,0,1,"{'Boost__base_estimator__alpha': 0, 'Boost__n_estimators': 1}",86,0.8942193447046739,0.9411345838069975,0.9208863315162529,0.9453599593540832,0.8941045830809611,0.9378227926395547,0.9077024025842925,0.9494510592237514,0.9027820006080874,0.9518627646319995,0.002135448448910912,0.000400018706226792,0.009940280948628586,0.005165522484352248
0.18319997787475586,0.0015999794006347657,0.9039362732889457,0.9451262319312773,0,2,"{'Boost__base_estimator__alpha': 0, 'Boost__n_estimators': 2}",86,0.8942193447046739,0.9411345838069975,0.9208863315162529,0.9453599593540832,0.8941045830809611,0.9378227926395547,0.9077024025842925,0.9494510592237514,0.9027820006080874,0.9518627646319995,0.004214311340901132,0.0004898429878647236,0.009940280948628586,0.005165522484352248
0.5212000370025635,0.002199888229370117,0.9262051081595527,0.9834471438912733,0,5,"{'Boost__base_estimator__alpha': 0, 'Boost__n_estimators': 5}",41,0.9206859053104296,0.9814465706707086,0.9421764587118918,0.9847511542114911,0.9191500100948921,0.9770659833440103,0.9381485968100142,0.9870176058671497,0.9108492956319042,0.9869544053630067,0.039826660702341976,0.0003999471771024199,0.011945284398616408,0.003780767853447387
0.6307999610900878,0.0021999359130859377,0.9267179286723733,0.9853292265526973,0,10,"{'Boost__base_estimator__alpha': 0, 'Boost__n_estimators': 10}",19,0.9206859053104296,0.9814465706707086,0.9421764587118918,0.9847511542114911,0.9217141126589946,0.98647639665113,0.9381485968100142,0.9870176058671497,0.9108492956319042,0.9869544053630067,0.10978222685295552,0.0004000425445315194,0.011683567985092142,0.002107938065470448
0.600600004196167,0.0029998779296875,0.9267179286723733,0.9853292265526973,0,20,"{'Boost__base_estimator__alpha': 0, 'Boost__n_estimators': 20}",19,0.9206859053104296,0.9814465706707086,0.9421764587118918,0.9847511542114911,0.9217141126589946,0.98647639665113,0.9381485968100142,0.9870176058671497,0.9108492956319042,0.9869544053630067,0.061623480591027624,0.0019999265692093432,0.011683567985092142,0.002107938065470448
0.6226000308990478,0.00260009765625,0.9267179286723733,0.9853292265526973,0,30,"{'Boost__base_estimator__alpha': 0, 'Boost__n_estimators': 30}",19,0.9206859053104296,0.9814465706707086,0.9421764587118918,0.9847511542114911,0.9217141126589946,0.98647639665113,0.9381485968100142,0.9870176058671497,0.9108492956319042,0.9869544053630067,0.10010118030082178,0.0004899014056540585,0.011683567985092142,0.002107938065470448
0.6140000820159912,0.0017999172210693359,0.9267179286723733,0.9853292265526973,0,45,"{'Boost__base_estimator__alpha': 0, 'Boost__n_estimators': 45}",19,0.9206859053104296,0.9814465706707086,0.9421764587118918,0.9847511542114911,0.9217141126589946,0.98647639665113,0.9381485968100142,0.9870176058671497,0.9108492956319042,0.9869544053630067,0.10599431972405945,0.00039999486081696955,0.011683567985092142,0.002107938065470448
0.6041999816894531,0.002000093460083008,0.9267179286723733,0.9853292265526973,0,60,"{'Boost__base_estimator__alpha': 0, 'Boost__n_estimators': 60}",19,0.9206859053104296,0.9814465706707086,0.9421764587118918,0.9847511542114911,0.9217141126589946,0.98647639665113,0.9381485968100142,0.9870176058671497,0.9108492956319042,0.9869544053630067,0.07379804624969243,1.5078914929239175e-07,0.011683567985092142,0.002107938065470448
0.6552000045776367,0.0021999835968017577,0.9267179286723733,0.9853292265526973,0,80,"{'Boost__base_estimator__alpha': 0, 'Boost__n_estimators': 80}",19,0.9206859053104296,0.9814465706707086,0.9421764587118918,0.9847511542114911,0.9217141126589946,0.98647639665113,0.9381485968100142,0.9870176058671497,0.9108492956319042,0.9869544053630067,0.09899371991440968,0.000400018706226792,0.011683567985092142,0.002107938065470448
0.6185999870300293,0.0019999980926513673,0.9267179286723733,0.9853292265526973,0,100,"{'Boost__base_estimator__alpha': 0, 'Boost__n_estimators': 100}",19,0.9206859053104296,0.9814465706707086,0.9421764587118918,0.9847511542114911,0.9217141126589946,0.98647639665113,0.9381485968100142,0.9870176058671497,0.9108492956319042,0.9869544053630067,0.09591782618173908,1.1680077279964343e-07,0.011683567985092142,0.002107938065470448
0.08840003013610839,0.001399993896484375,0.8311699147689147,0.832842636074334,0.0316227766016838,1,"{'Boost__base_estimator__alpha': 0.0316227766016838, 'Boost__n_estimators': 1}",137,0.8374196991360734,0.8584470127573577,0.8381990712699373,0.8240517793633612,0.8117807389460933,0.8300139168084119,0.8434181304260046,0.8227462501932891,0.8250126684909292,0.8289542212492498,0.0028000865717141767,0.0004898819214545809,0.011422269793259365,0.0130990205544943
0.17360000610351561,0.0017999172210693359,0.8311699147689147,0.832842636074334,0.0316227766016838,2,"{'Boost__base_estimator__alpha': 0.0316227766016838, 'Boost__n_estimators': 2}",137,0.8374196991360734,0.8584470127573577,0.8381990712699373,0.8240517793633612,0.8117807389460933,0.8300139168084119,0.8434181304260046,0.8227462501932891,0.8250126684909292,0.8289542212492498,0.00412792691096979,0.00039999486081696955,0.011422269793259365,0.0130990205544943
0.49519987106323243,0.0019999980926513673,0.9113447906455483,0.9263604115403072,0.0316227766016838,5,"{'Boost__base_estimator__alpha': 0.0316227766016838, 'Boost__n_estimators': 5}",71,0.9057282961113238,0.9253173550587345,0.9209368059761761,0.9130972630276789,0.9073389864728448,0.9287128056727562,0.9237734706238644,0.932874594093088,0.8989358467619336,0.931800039849279,0.042092244374266695,1.1680077279964343e-07,0.00946427061068297,0.007135221985571107
1.0509999752044679,0.0026000022888183595,0.9300011953827081,0.9554451623586839,0.0316227766016838,10,"{'Boost__base_estimator__alpha': 0.0316227766016838, 'Boost__n_estimators': 10}",14,0.9225537185089715,0.950601553618795,0.9397032101756512,0.9547703726612029,0.9251463759337777,0.9580242550089464,0.9395215021199272,0.9541076674987299,0.9230819904732949,0.9597219630057454,0.04991593101023749,0.0004899208473093903,0.007895399883726343,0.0031826882327586643
1.6427999973297118,0.004600048065185547,0.9336905375592137,0.968564163299811,0.0316227766016838,20,"{'Boost__base_estimator__alpha': 0.0316227766016838, 'Boost__n_estimators': 20}",1,0.9330859697525021,0.9692497158014401,0.950646073087018,0.9708586449888443,0.9218958207147184,0.9653648191919417,0.9402079547748841,0.9710795467096689,0.922600587817979,0.9662680898071596,0.1170888446150922,0.001624842526068283,0.010883421696378789,0.0023481711333121253
1.6218000411987306,0.0030001163482666015,0.9336905375592137,0.968564163299811,0.0316227766016838,30,"{'Boost__base_estimator__alpha': 0.0316227766016838, 'Boost__n_estimators': 30}",1,0.9330859697525021,0.9692497158014401,0.950646073087018,0.9708586449888443,0.9218958207147184,0.9653648191919417,0.9402079547748841,0.9710795467096689,0.922600587817979,0.9662680898071596,0.10063283395103186,1.1680077279964342e-07,0.010883421696378789,0.0023481711333121253
1.6719999313354492,0.003400087356567383,0.9336905375592137,0.968564163299811,0.0316227766016838,45,"{'Boost__base_estimator__alpha': 0.0316227766016838, 'Boost__n_estimators': 45}",1,0.9330859697525021,0.9692497158014401,0.950646073087018,0.9708586449888443,0.9218958207147184,0.9653648191919417,0.9402079547748841,0.9710795467096689,0.922600587817979,0.9662680898071596,0.22686284250355482,0.0008001327514648438,0.010883421696378789,0.0023481711333121253
1.6657999992370605,0.0034000396728515623,0.9336905375592137,0.968564163299811,0.0316227766016838,60,"{'Boost__base_estimator__alpha': 0.0316227766016838, 'Boost__n_estimators': 60}",1,0.9330859697525021,0.9692497158014401,0.950646073087018,0.9708586449888443,0.9218958207147184,0.9653648191919417,0.9402079547748841,0.9710795467096689,0.922600587817979,0.9662680898071596,0.19564901290947262,0.0008000373982433936,0.010883421696378789,0.0023481711333121253
1.651599931716919,0.0033999919891357423,0.9336905375592137,0.968564163299811,0.0316227766016838,80,"{'Boost__base_estimator__alpha': 0.0316227766016838, 'Boost__n_estimators': 80}",1,0.9330859697525021,0.9692497158014401,0.950646073087018,0.9708586449888443,0.9218958207147184,0.9653648191919417,0.9402079547748841,0.9710795467096689,0.922600587817979,0.9662680898071596,0.11542718872284449,0.0007999420308134472,0.010883421696378789,0.0023481711333121253
1.6583999633789062,0.003199911117553711,0.9336905375592137,0.968564163299811,0.0316227766016838,100,"{'Boost__base_estimator__alpha': 0.0316227766016838, 'Boost__n_estimators': 100}",1,0.9330859697525021,0.9692497158014401,0.950646073087018,0.9708586449888443,0.9218958207147184,0.9653648191919417,0.9402079547748841,0.9710795467096689,0.922600587817979,0.9662680898071596,0.1290296607678637,0.000400018706226792,0.010883421696378789,0.0023481711333121253
0.08739995956420898,0.0016000747680664062,0.7922177980629174,0.7933199887040859,0.1,1,"{'Boost__base_estimator__alpha': 0.1, 'Boost__n_estimators': 1}",139,0.7802777050566888,0.7961601616774031,0.7934282253179892,0.7932161081534824,0.7912275388653343,0.7931189113963198,0.7974560872198667,0.7922065872893149,0.7987280835106922,0.7918981750039094,0.001624783835924335,0.0004899208705145337,0.006557295485755401,0.0015085769903639245
0.17259998321533204,0.0015999794006347657,0.7922177980629174,0.7933199887040859,0.1,2,"{'Boost__base_estimator__alpha': 0.1, 'Boost__n_estimators': 2}",139,0.7802777050566888,0.7961601616774031,0.7934282253179892,0.7932161081534824,0.7912275388653343,0.7931189113963198,0.7974560872198667,0.7922065872893149,0.7987280835106922,0.7918981750039094,0.0010198609191756334,0.0004899403160383116,0.006557295485755401,0.0015085769903639245
0.4559999942779541,0.0018000125885009766,0.9016129998938327,0.9104489433103968,0.1,5,"{'Boost__base_estimator__alpha': 0.1, 'Boost__n_estimators': 5}",92,0.8871206476428299,0.9030551345206518,0.9093074904098525,0.9029954273343788,0.9045427013930952,0.918337051845634,0.9061477892186555,0.9087101548521063,0.9009678727070032,0.9191469479992131,0.010178490635058605,0.00039992333879854,0.007734631172257635,0.007086949074984295
0.9783999443054199,0.0028000354766845705,0.9161970125499764,0.9236490075453881,0.1,10,"{'Boost__base_estimator__alpha': 0.1, 'Boost__n_estimators': 10}",70,0.9048371830759006,0.9111863711001642,0.9317383403997577,0.9380193951710883,0.9146174035937814,0.9308798515540436,0.9235917625681407,0.920066712319689,0.9062024931590151,0.9180927075819557,0.04995841410454171,0.0003999710651483163,0.010273186257179608,0.009568863685139596
1.5678000926971436,0.0027998924255371095,0.9254370960669385,0.9385854473233308,0.1,20,"{'Boost__base_estimator__alpha': 0.1, 'Boost__n_estimators': 20}",52,0.9286606117969269,0.93246336996337,0.9360892388451445,0.939846252402306,0.9128306077124975,0.953122445823853,0.9433676559660812,0.9494024608451701,0.9062024931590151,0.9180927075819557,0.3785663517117309,0.000400018706226792,0.013954922594265227,0.012548736587338875
1.8351999759674071,0.003600025177001953,0.9256753355177765,0.9417681993169689,0.1,30,"{'Boost__base_estimator__alpha': 0.1, 'Boost__n_estimators': 30}",44,0.9286606117969269,0.93246336996337,0.9360892388451445,0.939846252402306,0.9128306077124975,0.953122445823853,0.9445588532202707,0.96531622081336,0.9062024931590151,0.9180927075819557,0.8396269220149561,0.0008000254644364732,0.01426570819282561,0.016335426950469596
2.0625999927520753,0.0034000396728515623,0.9271491897475362,0.9438716255026589,0.1,45,"{'Boost__base_estimator__alpha': 0.1, 'Boost__n_estimators': 45}",15,0.9286606117969269,0.93246336996337,0.9360892388451445,0.939846252402306,0.9128306077124975,0.953122445823853,0.9519281243690693,0.9758333517418102,0.9062024931590151,0.9180927075819557,1.228367553219817,0.0008001566128588548,0.01636650604992713,0.01958588345217331
2.0486000537872315,0.0037999629974365236,0.9271491897475362,0.9438716255026589,0.1,60,"{'Boost__base_estimator__alpha': 0.1, 'Boost__n_estimators': 60}",15,0.9286606117969269,0.93246336996337,0.9360892388451445,0.939846252402306,0.9128306077124975,0.953122445823853,0.9519281243690693,0.9758333517418102,0.9062024931590151,0.9180927075819557,1.2673999086769168,0.0011662285230114768,0.01636650604992713,0.01958588345217331
2.2435999870300294,0.003600025177001953,0.9271491897475362,0.9438716255026589,0.1,80,"{'Boost__base_estimator__alpha': 0.1, 'Boost__n_estimators': 80}",15,0.9286606117969269,0.93246336996337,0.9360892388451445,0.939846252402306,0.9128306077124975,0.953122445823853,0.9519281243690693,0.9758333517418102,0.9062024931590151,0.9180927075819557,1.6012895470212973,0.0013564872073232764,0.01636650604992713,0.01958588345217331
2.274999904632568,0.004600000381469726,0.9271491897475362,0.9438716255026589,0.1,100,"{'Boost__base_estimator__alpha': 0.1, 'Boost__n_estimators': 100}",15,0.9286606117969269,0.93246336996337,0.9360892388451445,0.939846252402306,0.9128306077124975,0.953122445823853,0.9519281243690693,0.9758333517418102,0.9062024931590151,0.9180927075819557,1.2729362806820013,0.0010197674002856922,0.01636650604992713,0.01958588345217331
0.1677999496459961,0.0024000167846679687,0.8930797395092329,0.9221830892757333,0.0031622776601683794,1,"{'Boost__base_estimator__alpha': 0.0031622776601683794, 'Boost__n_estimators': 1}",133,0.8828110840364903,0.9273525325249462,0.9021603068847164,0.9184077403962976,0.8704825358368666,0.9025712960303962,0.917272360185746,0.9364686650909011,0.8926877470355732,0.926115212336126,0.06255042662878604,0.0010198889675969553,0.016025826983350592,0.011359032574115795
0.20079994201660156,0.0028000831604003905,0.8930797395092329,0.9221830892757333,0.0031622776601683794,2,"{'Boost__base_estimator__alpha': 0.0031622776601683794, 'Boost__n_estimators': 2}",133,0.8828110840364903,0.9273525325249462,0.9021603068847164,0.9184077403962976,0.8704825358368666,0.9025712960303962,0.917272360185746,0.9364686650909011,0.8926877470355732,0.926115212336126,0.007166494219183036,0.0013266328371220066,0.016025826983350592,0.011359032574115795
0.566200065612793,0.0023999691009521486,0.9224762893443523,0.9794320807197812,0.0031622776601683794,5,"{'Boost__base_estimator__alpha': 0.0031622776601683794, 'Boost__n_estimators': 5}",53,0.915671506534829,0.9747694833901731,0.9415808600847972,0.974304711833705,0.9107712497476278,0.9825598091409131,0.933020391681809,0.984430846716296,0.91133069828722,0.9810955525178187,0.056307738086557764,0.0007999897074229017,0.012518617702434995,0.004136839628003612
0.8139998912811279,0.0026000499725341796,0.9254533519495202,0.9834421905392453,0.0031622776601683794,10,"{'Boost__base_estimator__alpha': 0.0031622776601683794, 'Boost__n_estimators': 10}",45,0.915671506534829,0.9747694833901731,0.9428629113668484,0.9881751308842696,0.9159903089036948,0.986131789966644,0.934898041590955,0.9844065475270052,0.9178473700212829,0.9837280009281351,0.17440175656917434,0.000800061231219776,0.01127331640428869,0.004601351772277971
0.8120000839233399,0.0027998924255371095,0.9254533519495202,0.9834421905392453,0.0031622776601683794,20,"{'Boost__base_estimator__alpha': 0.0031622776601683794, 'Boost__n_estimators': 20}",45,0.915671506534829,0.9747694833901731,0.9428629113668484,0.9881751308842696,0.9159903089036948,0.986131789966644,0.934898041590955,0.9844065475270052,0.9178473700212829,0.9837280009281351,0.14314052587798368,0.000748366450713617,0.01127331640428869,0.004601351772277971
0.7724000453948975,0.0021999359130859377,0.9254533519495202,0.9834421905392453,0.0031622776601683794,30,"{'Boost__base_estimator__alpha': 0.0031622776601683794, 'Boost__n_estimators': 30}",45,0.915671506534829,0.9747694833901731,0.9428629113668484,0.9881751308842696,0.9159903089036948,0.986131789966644,0.934898041590955,0.9844065475270052,0.9178473700212829,0.9837280009281351,0.14136710893302548,0.00040004254453151935,0.01127331640428869,0.004601351772277971
0.8156000137329101,0.0021999359130859377,0.9254533519495202,0.9834421905392453,0.0031622776601683794,45,"{'Boost__base_estimator__alpha': 0.0031622776601683794, 'Boost__n_estimators': 45}",45,0.915671506534829,0.9747694833901731,0.9428629113668484,0.9881751308842696,0.9159903089036948,0.986131789966644,0.934898041590955,0.9844065475270052,0.9178473700212829,0.9837280009281351,0.10784180824818536,0.00040004254453151935,0.01127331640428869,0.004601351772277971
0.8239999771118164,0.0028000354766845705,0.9254533519495202,0.9834421905392453,0.0031622776601683794,60,"{'Boost__base_estimator__alpha': 0.0031622776601683794, 'Boost__n_estimators': 60}",45,0.915671506534829,0.9747694833901731,0.9428629113668484,0.9881751308842696,0.9159903089036948,0.986131789966644,0.934898041590955,0.9844065475270052,0.9178473700212829,0.9837280009281351,0.16550160745270268,0.001166146751848398,0.01127331640428869,0.004601351772277971
0.8721999645233154,0.002399921417236328,0.9254533519495202,0.9834421905392453,0.0031622776601683794,80,"{'Boost__base_estimator__alpha': 0.0031622776601683794, 'Boost__n_estimators': 80}",45,0.915671506534829,0.9747694833901731,0.9428629113668484,0.9881751308842696,0.9159903089036948,0.986131789966644,0.934898041590955,0.9844065475270052,0.9178473700212829,0.9837280009281351,0.17308186513759174,0.0008000135475042733,0.01127331640428869,0.004601351772277971
0.8227998733520507,0.0021999835968017577,0.9254533519495202,0.9834421905392453,0.0031622776601683794,100,"{'Boost__base_estimator__alpha': 0.0031622776601683794, 'Boost__n_estimators': 100}",45,0.915671506534829,0.9747694833901731,0.9428629113668484,0.9881751308842696,0.9159903089036948,0.986131789966644,0.934898041590955,0.9844065475270052,0.9178473700212829,0.9837280009281351,0.14293000049561408,0.000400018706226792,0.01127331640428869,0.004601351772277971
0.0886000633239746,0.0017999649047851563,0.8711472631183302,0.8866011629175524,0.01,1,"{'Boost__base_estimator__alpha': 0.01, 'Boost__n_estimators': 1}",135,0.8676369897496828,0.8855879752431478,0.8941045830809611,0.8999116393116702,0.8597718554411469,0.8938302149373744,0.8592267312739754,0.8629238551768319,0.8750076010945577,0.8907521299187378,0.002153985063043462,0.000400018706226792,0.012851130230823085,0.012714558215690676
0.17939996719360352,0.0016000747680664062,0.8711472631183302,0.8866011629175524,0.01,2,"{'Boost__base_estimator__alpha': 0.01, 'Boost__n_estimators': 2}",135,0.8676369897496828,0.8855879752431478,0.8941045830809611,0.8999116393116702,0.8597718554411469,0.8938302149373744,0.8592267312739754,0.8629238551768319,0.8750076010945577,0.8907521299187378,0.014065575976947348,0.0004899208705145337,0.012851130230823085,0.012714558215690676
0.5241999626159668,0.0020000457763671873,0.9264155845275457,0.9558735157822774,0.01,5,"{'Boost__base_estimator__alpha': 0.01, 'Boost__n_estimators': 5}",40,0.9280715709769016,0.9546608563849944,0.939703210175651,0.9548675694183657,0.926337573187967,0.9653140117961518,0.9207954774883909,0.956544213479423,0.9171531367183541,0.9479809278324516,0.02769409781437335,0.0006324851073777583,0.0077014148592228415,0.005556045641201252
1.0258000373840332,0.0028000354766845705,0.9320342611660443,0.9730627276660835,0.01,10,"{'Boost__base_estimator__alpha': 0.01, 'Boost__n_estimators': 10}",13,0.925800994824496,0.9755826070481243,0.9499596204320614,0.9713247476197839,0.9316474863718959,0.976917979191058,0.9283969311528366,0.9765247741279904,0.924364041755346,0.9649635303434604,0.0786698911751088,0.00039997103672454983,0.00929895823752865,0.004512562332807737
1.2774001598358153,0.0027998924255371095,0.9324097911478735,0.9774966670064711,0.01,20,"{'Boost__base_estimator__alpha': 0.01, 'Boost__n_estimators': 20}",7,0.925800994824496,0.9755826070481243,0.9499596204320614,0.9713247476197839,0.9308701796890774,0.9879542291634451,0.9310518877448012,0.9876582208575406,0.924364041755346,0.9649635303434604,0.3314312533205789,0.0007483027355517388,0.009171568966514497,0.009071422291887593
1.2541999340057373,0.0028000831604003905,0.9324097911478735,0.9774966670064711,0.01,30,"{'Boost__base_estimator__alpha': 0.01, 'Boost__n_estimators': 30}",7,0.925800994824496,0.9755826070481243,0.9499596204320614,0.9713247476197839,0.9308701796890774,0.9879542291634451,0.9310518877448012,0.9876582208575406,0.924364041755346,0.9649635303434604,0.3836761234516996,0.00039999486081696955,0.009171568966514497,0.009071422291887593
1.25,0.0029999732971191405,0.9324097911478735,0.9774966670064711,0.01,45,"{'Boost__base_estimator__alpha': 0.01, 'Boost__n_estimators': 45}",7,0.925800994824496,0.9755826070481243,0.9499596204320614,0.9713247476197839,0.9308701796890774,0.9879542291634451,0.9310518877448012,0.9876582208575406,0.924364041755346,0.9649635303434604,0.3385621642355054,0.0006324850894031313,0.009171568966514497,0.009071422291887593
1.2836000442504882,0.0025999069213867186,0.9324097911478735,0.9774966670064711,0.01,60,"{'Boost__base_estimator__alpha': 0.01, 'Boost__n_estimators': 60}",7,0.925800994824496,0.9755826070481243,0.9499596204320614,0.9713247476197839,0.9308701796890774,0.9879542291634451,0.9310518877448012,0.9876582208575406,0.924364041755346,0.9649635303434604,0.38586818224876407,0.0007999897074229016,0.009171568966514497,0.009071422291887593
1.2511999607086182,0.0030000686645507814,0.9324097911478735,0.9774966670064711,0.01,80,"{'Boost__base_estimator__alpha': 0.01, 'Boost__n_estimators': 80}",7,0.925800994824496,0.9755826070481243,0.9499596204320614,0.9713247476197839,0.9308701796890774,0.9879542291634451,0.9310518877448012,0.9876582208575406,0.924364041755346,0.9649635303434604,0.3583615154089171,0.000632409699322999,0.009171568966514497,0.009071422291887593
1.2961999416351317,0.0034000396728515623,0.9324097911478735,0.9774966670064711,0.01,100,"{'Boost__base_estimator__alpha': 0.01, 'Boost__n_estimators': 100}",7,0.925800994824496,0.9755826070481243,0.9499596204320614,0.9713247476197839,0.9308701796890774,0.9879542291634451,0.9310518877448012,0.9876582208575406,0.924364041755346,0.9649635303434604,0.2922590404587967,0.0010199450777305255,0.009171568966514497,0.009071422291887593
0.09039998054504395,0.001200103759765625,0.9039362732889457,0.9451262319312773,0.00031622776601683794,1,"{'Boost__base_estimator__alpha': 0.00031622776601683794, 'Boost__n_estimators': 1}",86,0.8942193447046739,0.9411345838069975,0.9208863315162529,0.9453599593540832,0.8941045830809611,0.9378227926395547,0.9077024025842925,0.9494510592237514,0.9027820006080874,0.9518627646319995,0.002332399800689252,0.00039987566929968805,0.009940280948628586,0.005165522484352248
0.1983999252319336,0.0018000125885009766,0.9039362732889457,0.9451262319312773,0.00031622776601683794,2,"{'Boost__base_estimator__alpha': 0.00031622776601683794, 'Boost__n_estimators': 2}",86,0.8942193447046739,0.9411345838069975,0.9208863315162529,0.9453599593540832,0.8941045830809611,0.9378227926395547,0.9077024025842925,0.9494510592237514,0.9027820006080874,0.9518627646319995,0.0046734388076307976,0.00040004254453151935,0.009940280948628586,0.005165522484352248
0.5147998809814454,0.0020000457763671873,0.9262051081595527,0.9834471438912733,0.00031622776601683794,5,"{'Boost__base_estimator__alpha': 0.00031622776601683794, 'Boost__n_estimators': 5}",41,0.9206859053104296,0.9814465706707086,0.9421764587118918,0.9847511542114911,0.9191500100948921,0.9770659833440103,0.9381485968100142,0.9870176058671497,0.9108492956319042,0.9869544053630067,0.02813111500105879,9.536743164062499e-08,0.011945284398616408,0.003780767853447387
0.6079999923706054,0.0019999980926513673,0.9267179286723733,0.9853292265526973,0.00031622776601683794,10,"{'Boost__base_estimator__alpha': 0.00031622776601683794, 'Boost__n_estimators': 10}",19,0.9206859053104296,0.9814465706707086,0.9421764587118918,0.9847511542114911,0.9217141126589946,0.98647639665113,0.9381485968100142,0.9870176058671497,0.9108492956319042,0.9869544053630067,0.07912255827662538,1.1680077279964343e-07,0.011683567985092142,0.002107938065470448
0.6104001045227051,0.002399921417236328,0.9267179286723733,0.9853292265526973,0.00031622776601683794,20,"{'Boost__base_estimator__alpha': 0.00031622776601683794, 'Boost__n_estimators': 20}",19,0.9206859053104296,0.9814465706707086,0.9421764587118918,0.9847511542114911,0.9217141126589946,0.98647639665113,0.9381485968100142,0.9870176058671497,0.9108492956319042,0.9869544053630067,0.1017145030278224,0.0004899792418945042,0.011683567985092142,0.002107938065470448
0.6497999668121338,0.002000093460083008,0.9267179286723733,0.9853292265526973,0.00031622776601683794,30,"{'Boost__base_estimator__alpha': 0.00031622776601683794, 'Boost__n_estimators': 30}",19,0.9206859053104296,0.9814465706707086,0.9421764587118918,0.9847511542114911,0.9217141126589946,0.98647639665113,0.9381485968100142,0.9870176058671497,0.9108492956319042,0.9869544053630067,0.10991338895098339,2.132480599880018e-07,0.011683567985092142,0.002107938065470448
0.6007999420166016,0.0019999980926513673,0.9267179286723733,0.9853292265526973,0.00031622776601683794,45,"{'Boost__base_estimator__alpha': 0.00031622776601683794, 'Boost__n_estimators': 45}",19,0.9206859053104296,0.9814465706707086,0.9421764587118918,0.9847511542114911,0.9217141126589946,0.98647639665113,0.9381485968100142,0.9870176058671497,0.9108492956319042,0.9869544053630067,0.08313219866488698,0.0006324851109726837,0.011683567985092142,0.002107938065470448
0.6171999454498291,0.0020000457763671873,0.9267179286723733,0.9853292265526973,0.00031622776601683794,60,"{'Boost__base_estimator__alpha': 0.00031622776601683794, 'Boost__n_estimators': 60}",19,0.9206859053104296,0.9814465706707086,0.9421764587118918,0.9847511542114911,0.9217141126589946,0.98647639665113,0.9381485968100142,0.9870176058671497,0.9108492956319042,0.9869544053630067,0.07385503416797798,9.536743164062499e-08,0.011683567985092142,0.002107938065470448
0.6285999298095704,0.0020000457763671873,0.9267179286723733,0.9853292265526973,0.00031622776601683794,80,"{'Boost__base_estimator__alpha': 0.00031622776601683794, 'Boost__n_estimators': 80}",19,0.9206859053104296,0.9814465706707086,0.9421764587118918,0.9847511542114911,0.9217141126589946,0.98647639665113,0.9381485968100142,0.9870176058671497,0.9108492956319042,0.9869544053630067,0.10232236399226832,1.784161275279017e-07,0.011683567985092142,0.002107938065470448
0.6695999145507813,0.00260014533996582,0.9267179286723733,0.9853292265526973,0.00031622776601683794,100,"{'Boost__base_estimator__alpha': 0.00031622776601683794, 'Boost__n_estimators': 100}",19,0.9206859053104296,0.9814465706707086,0.9421764587118918,0.9847511542114911,0.9217141126589946,0.98647639665113,0.9381485968100142,0.9870176058671497,0.9108492956319042,0.9869544053630067,0.10610863781647403,0.0007998704963577654,0.011683567985092142,0.002107938065470448
0.10899996757507324,0.001600027084350586,0.9039362732889457,0.9451262319312773,0.001,1,"{'Boost__base_estimator__alpha': 0.001, 'Boost__n_estimators': 1}",86,0.8942193447046739,0.9411345838069975,0.9208863315162529,0.9453599593540832,0.8941045830809611,0.9378227926395547,0.9077024025842925,0.9494510592237514,0.9027820006080874,0.9518627646319995,0.00843806448927448,0.0004898819214545809,0.009940280948628586,0.005165522484352248
0.19920005798339843,0.0013999462127685547,0.9039362732889457,0.9451262319312773,0.001,2,"{'Boost__base_estimator__alpha': 0.001, 'Boost__n_estimators': 2}",86,0.8942193447046739,0.9411345838069975,0.9208863315162529,0.9453599593540832,0.8941045830809611,0.9378227926395547,0.9077024025842925,0.9494510592237514,0.9027820006080874,0.9518627646319995,0.008423755162287931,0.0004899208473093904,0.009940280948628586,0.005165522484352248
0.6429999351501465,0.002599954605102539,0.9262051081595527,0.9834471438912733,0.001,5,"{'Boost__base_estimator__alpha': 0.001, 'Boost__n_estimators': 5}",41,0.9206859053104296,0.9814465706707086,0.9421764587118918,0.9847511542114911,0.9191500100948921,0.9770659833440103,0.9381485968100142,0.9870176058671497,0.9108492956319042,0.9869544053630067,0.06742997912738408,0.0004898819214545809,0.011945284398616408,0.003780767853447387
0.6443999767303467,0.0020000457763671873,0.9267179286723733,0.9853292265526973,0.001,10,"{'Boost__base_estimator__alpha': 0.001, 'Boost__n_estimators': 10}",19,0.9206859053104296,0.9814465706707086,0.9421764587118918,0.9847511542114911,0.9217141126589946,0.98647639665113,0.9381485968100142,0.9870176058671497,0.9108492956319042,0.9869544053630067,0.06390799058087564,9.536743164062499e-08,0.011683567985092142,0.002107938065470448
0.6753999710083007,0.0020000457763671873,0.9267179286723733,0.9853292265526973,0.001,20,"{'Boost__base_estimator__alpha': 0.001, 'Boost__n_estimators': 20}",19,0.9206859053104296,0.9814465706707086,0.9421764587118918,0.9847511542114911,0.9217141126589946,0.98647639665113,0.9381485968100142,0.9870176058671497,0.9108492956319042,0.9869544053630067,0.12494893736157256,1.784161275279017e-07,0.011683567985092142,0.002107938065470448
0.6666000366210938,0.002400064468383789,0.9267179286723733,0.9853292265526973,0.001,30,"{'Boost__base_estimator__alpha': 0.001, 'Boost__n_estimators': 30}",19,0.9206859053104296,0.9814465706707086,0.9421764587118918,0.9847511542114911,0.9217141126589946,0.98647639665113,0.9381485968100142,0.9870176058671497,0.9108492956319042,0.9869544053630067,0.12073364494313156,0.0004899597886342959,0.011683567985092142,0.002107938065470448
0.6271998405456543,0.002200031280517578,0.9267179286723733,0.9853292265526973,0.001,45,"{'Boost__base_estimator__alpha': 0.001, 'Boost__n_estimators': 45}",19,0.9206859053104296,0.9814465706707086,0.9421764587118918,0.9847511542114911,0.9217141126589946,0.98647639665113,0.9381485968100142,0.9870176058671497,0.9108492956319042,0.9869544053630067,0.07998348578620611,0.00039999486081696955,0.011683567985092142,0.002107938065470448
0.6817999839782715,0.0023999691009521486,0.9267179286723733,0.9853292265526973,0.001,60,"{'Boost__base_estimator__alpha': 0.001, 'Boost__n_estimators': 60}",19,0.9206859053104296,0.9814465706707086,0.9421764587118918,0.9847511542114911,0.9217141126589946,0.98647639665113,0.9381485968100142,0.9870176058671497,0.9108492956319042,0.9869544053630067,0.07470312781785328,0.0004899403160383116,0.011683567985092142,0.002107938065470448
0.6530000686645507,0.00279998779296875,0.9267179286723733,0.9853292265526973,0.001,80,"{'Boost__base_estimator__alpha': 0.001, 'Boost__n_estimators': 80}",19,0.9206859053104296,0.9814465706707086,0.9421764587118918,0.9847511542114911,0.9217141126589946,0.98647639665113,0.9381485968100142,0.9870176058671497,0.9108492956319042,0.9869544053630067,0.10964493853597836,0.0007482645008117474,0.011683567985092142,0.002107938065470448
0.600199842453003,0.002400112152099609,0.9267179286723733,0.9853292265526973,0.001,100,"{'Boost__base_estimator__alpha': 0.001, 'Boost__n_estimators': 100}",19,0.9206859053104296,0.9814465706707086,0.9421764587118918,0.9847511542114911,0.9217141126589946,0.98647639665113,0.9381485968100142,0.9870176058671497,0.9108492956319042,0.9869544053630067,0.08436919863417174,0.0008000373840332031,0.011683567985092142,0.002107938065470448
